tick,gv_population,gv_labor_force,gv_cohort_employment,gv_avg_income,flour_price,flour_supply,flour_demand,gv_regional_flour_stock,grain_price,active_companies,company_employees_active,companies
0,15,6,0,0,2,0,0,0,1,1,0,company_green_valley_farm:A emp=0 vac=0 wage=10 cap=10 util=0.5 out=0 rev=0 costs=0 profit=0 cash=500
1,15,6,6,5.333,1.94,40,22,13,1,1,6,company_green_valley_farm:A emp=6 vac=0 wage=10 cap=10 util=0.575 out=40 rev=70 costs=60 profit=10 cash=510
2,15,6,6,5.333,1.88,48,22.309,38.691,1,1,6,company_green_valley_farm:A emp=6 vac=0 wage=10 cap=10 util=0.65 out=48 rev=93.12 costs=60 profit=33.12 cash=543.12
3,15,6,6,5.333,1.82,48,22.638,64.052,1,1,6,company_green_valley_farm:A emp=6 vac=2 wage=10.3 cap=10 util=0.725 out=48 rev=90.24 costs=61.8 profit=28.44 cash=571.56
4,15,6,6,5.333,1.77,48,22.989,89.063,1,1,6,company_green_valley_farm:A emp=6 vac=2 wage=10.61 cap=10 util=0.8 out=48 rev=87.36 costs=63.66 profit=23.7 cash=595.26
5,15,6,6,5.333,1.72,48,23.299,113.764,1,1,6,company_green_valley_farm:A emp=6 vac=3 wage=10.93 cap=10 util=0.875 out=48 rev=84.96 costs=65.58 profit=19.38 cash=614.64
6,16,6,6,5,1.67,48,23.628,138.136,1,1,6,company_green_valley_farm:A emp=6 vac=3 wage=11.26 cap=12.5 util=0.95 out=48 rev=82.56 costs=67.56 profit=15 cash=529.64
7,16,6,6,5,1.62,48,23.976,162.16,1,1,6,company_green_valley_farm:A emp=6 vac=7 wage=11.6 cap=12.5 util=1 out=48 rev=80.16 costs=69.6 profit=10.56 cash=540.2
8,16,6,6,5,1.57,48,24,186.16,1,1,6,company_green_valley_farm:A emp=6 vac=7 wage=11.95 cap=12.5 util=1 out=48 rev=77.76 costs=71.7 profit=6.06 cash=546.26
9,16,6,6,5,1.52,48,24,210.16,1,1,6,company_green_valley_farm:A emp=6 vac=7 wage=12.31 cap=12.5 util=1 out=48 rev=75.36 costs=73.86 profit=1.5 cash=547.76
10,16,6,6,5,1.47,48,24,234.16,1,1,6,company_green_valley_farm:A emp=6 vac=7 wage=12.68 cap=12.5 util=1 out=48 rev=72.96 costs=76.08 profit=-3.12 cash=544.64
11,16,6,6,5,1.43,48,24,258.16,1,1,6,company_green_valley_farm:A emp=6 vac=7 wage=13.06 cap=12.5 util=1 out=48 rev=70.56 costs=78.36 profit=-7.8 cash=536.84
12,16,6,6,5,1.39,48,24,282.16,1,1,6,company_green_valley_farm:A emp=6 vac=7 wage=13.45 cap=12.5 util=1 out=48 rev=68.64 costs=80.7 profit=-12.06 cash=524.78
13,16,6,6,5,1.35,48,24,306.16,1,1,6,company_green_valley_farm:A emp=6 vac=7 wage=13.85 cap=12.5 util=1 out=48 rev=66.72 costs=83.1 profit=-16.38 cash=508.4
14,16,6,6,5,1.31,48,24,330.16,1,1,6,company_green_valley_farm:A emp=6 vac=7 wage=14.27 cap=12.5 util=1 out=48 rev=64.8 costs=85.62 profit=-20.82 cash=487.58
15,16,6,6,5,1.27,48,24,354.16,1,1,6,company_green_valley_farm:A emp=6 vac=7 wage=14.7 cap=12.5 util=1 out=48 rev=62.88 costs=88.2 profit=-25.32 cash=462.26
16,16,7,6,5.625,1.23,48,27,375.16,1,1,6,company_green_valley_farm:A emp=6 vac=7 wage=15.14 cap=12.5 util=1 out=48 rev=60.96 costs=90.84 profit=-29.88 cash=432.38
17,16,7,7,5.974,1.19,56,27,404.16,1,1,7,company_green_valley_farm:A emp=7 vac=5 wage=15.59 cap=12.5 util=0.96 out=56 rev=68.88 costs=109.13 profit=-40.25 cash=392.13
18,16,7,7,5.974,1.15,56,27,433.16,1,1,7,company_green_valley_farm:A emp=7 vac=5 wage=16.06 cap=12.5 util=0.885 out=56 rev=66.64 costs=112.42 profit=-45.78 cash=346.35
19,16,7,7,5.974,1.12,56,27,462.16,1,1,7,company_green_valley_farm:A emp=7 vac=4 wage=16.54 cap=12.5 util=0.81 out=56 rev=64.4 costs=115.78 profit=-51.38 cash=294.97
20,16,7,7,5.974,1.09,56,27,491.16,1,1,7,company_green_valley_farm:A emp=7 vac=4 wage=17.04 cap=12.5 util=0.735 out=56 rev=62.72 costs=119.28 profit=-56.56 cash=238.41
21,16,7,7,5.974,1.06,56,27,520.16,1,1,7,company_green_valley_farm:A emp=7 vac=2 wage=17.55 cap=12.5 util=0.66 out=56 rev=61.04 costs=122.85 profit=-61.81 cash=176.6
22,16,7,7,5.974,1.03,56,27,549.16,1,1,7,company_green_valley_farm:A emp=7 vac=2 wage=18.08 cap=12.5 util=0.585 out=56 rev=59.36 costs=126.56 profit=-67.2 cash=109.4
23,16,7,6,5.974,1,40,27,562.16,1,1,6,company_green_valley_farm:A emp=6 vac=0 wage=18.08 cap=10 util=0.51 out=40 rev=41.2 costs=126.56 profit=-85.36 cash=24.04
24,16,7,6,5.974,0.97,32,27,567.16,1,1,6,company_green_valley_farm:A emp=6 vac=0 wage=17.54 cap=10 util=0.435 out=32 rev=32 costs=105.24 profit=-73.24 cash=-49.2
25,16,7,4,6.599,0.94,24,24,567.16,1,1,4,company_green_valley_farm:A emp=4 vac=0 wage=17.01 cap=10 util=0.36 out=24 rev=23.28 costs=102.06 profit=-78.78 cash=-127.98
26,16,7,4,6.599,0.91,16,24,559.16,1,1,4,company_green_valley_farm:A emp=4 vac=0 wage=16.5 cap=10 util=0.285 out=16 rev=15.04 costs=66 profit=-50.96 cash=-178.94
27,16,7,3,6.599,0.88,16,18,557.16,1,1,3,company_green_valley_farm:A emp=3 vac=0 wage=16 cap=10 util=0.21 out=16 rev=14.56 costs=64 profit=-49.44 cash=-228.38
28,16,7,3,6.599,0.85,8,18,547.16,1,1,3,company_green_valley_farm:A emp=3 vac=0 wage=15.52 cap=10 util=0.135 out=8 rev=7.04 costs=46.56 profit=-39.52 cash=-267.9
29,16,7,3,6.599,0.82,0,18,529.16,1,0,0,company_green_valley_farm:closed emp=3 vac=0 wage=15.52 cap=10 util=0.06 out=8 rev=7.04 costs=46.56 profit=-39.52 cash=-267.9
30,16,7,3,6.599,0.8,0,18,511.16,1,0,0,company_green_valley_farm:closed emp=3 vac=0 wage=15.52 cap=10 util=0.06 out=8 rev=7.04 costs=46.56 profit=-39.52 cash=-267.9
31,16,7,3,6.599,0.78,0,18,493.16,1,0,0,company_green_valley_farm:closed emp=3 vac=0 wage=15.52 cap=10 util=0.06 out=8 rev=7.04 costs=46.56 profit=-39.52 cash=-267.9
32,16,7,3,6.599,0.76,0,18,475.16,1,0,0,company_green_valley_farm:closed emp=3 vac=0 wage=15.52 cap=10 util=0.06 out=8 rev=7.04 costs=46.56 profit=-39.52 cash=-267.9
33,16,7,3,6.599,0.74,0,18,457.16,1,0,0,company_green_valley_farm:closed emp=3 vac=0 wage=15.52 cap=10 util=0.06 out=8 rev=7.04 costs=46.56 profit=-39.52 cash=-267.9
34,16,7,3,6.599,0.72,0,18,439.16,1,0,0,company_green_valley_farm:closed emp=3 vac=0 wage=15.52 cap=10 util=0.06 out=8 rev=7.04 costs=46.56 profit=-39.52 cash=-267.9
35,16,7,3,6.599,0.74,0,18,421.16,1,0,0,company_green_valley_farm:closed emp=3 vac=0 wage=15.52 cap=10 util=0.06 out=8 rev=7.04 costs=46.56 profit=-39.52 cash=-267.9
36,16,7,3,6.599,0.76,0,18,403.16,1,0,0,company_green_valley_farm:closed emp=3 vac=0 wage=15.52 cap=10 util=0.06 out=8 rev=7.04 costs=46.56 profit=-39.52 cash=-267.9
37,16,7,3,6.599,0.78,0,18,385.16,1,0,0,company_green_valley_farm:closed emp=3 vac=0 wage=15.52 cap=10 util=0.06 out=8 rev=7.04 costs=46.56 profit=-39.52 cash=-267.9
38,16,7,3,6.599,0.8,0,18,367.16,1,0,0,company_green_valley_farm:closed emp=3 vac=0 wage=15.52 cap=10 util=0.06 out=8 rev=7.04 costs=46.56 profit=-39.52 cash=-267.9
39,16,7,3,6.599,0.82,0,18,349.16,1,0,0,company_green_valley_farm:closed emp=3 vac=0 wage=15.52 cap=10 util=0.06 out=8 rev=7.04 costs=46.56 profit=-39.52 cash=-267.9
40,16,7,3,6.599,0.84,0,18,331.16,1,0,0,company_green_valley_farm:closed emp=3 vac=0 wage=15.52 cap=10 util=0.06 out=8 rev=7.04 costs=46.56 profit=-39.52 cash=-267.9
41,16,7,3,6.599,0.87,0,18,313.16,1,0,0,company_green_valley_farm:closed emp=3 vac=0 wage=15.52 cap=10 util=0.06 out=8 rev=7.04 costs=46.56 profit=-39.52 cash=-267.9
42,16,7,3,6.599,0.9,0,18,295.16,1,0,0,company_green_valley_farm:closed emp=3 vac=0 wage=15.52 cap=10 util=0.06 out=8 rev=7.04 costs=46.56 profit=-39.52 cash=-267.9
43,16,7,3,5.974,0.93,0,15,280.16,1,0,0,company_green_valley_farm:closed emp=3 vac=0 wage=15.52 cap=10 util=0.06 out=8 rev=7.04 costs=46.56 profit=-39.52 cash=-267.9
44,16,7,3,5.974,0.96,0,15,265.16,1,0,0,company_green_valley_farm:closed emp=3 vac=0 wage=15.52 cap=10 util=0.06 out=8 rev=7.04 costs=46.56 profit=-39.52 cash=-267.9
45,17,7,3,5.623,0.99,0,15,250.16,1,0,0,company_green_valley_farm:closed emp=3 vac=0 wage=15.52 cap=10 util=0.06 out=8 rev=7.04 costs=46.56 profit=-39.52 cash=-267.9
46,17,7,3,5.623,1.02,0,15,235.16,1,0,0,company_green_valley_farm:closed emp=3 vac=0 wage=15.52 cap=10 util=0.06 out=8 rev=7.04 costs=46.56 profit=-39.52 cash=-267.9
47,17,7,3,5.623,1.05,0,15,220.16,1,0,0,company_green_valley_farm:closed emp=3 vac=0 wage=15.52 cap=10 util=0.06 out=8 rev=7.04 costs=46.56 profit=-39.52 cash=-267.9
48,17,7,3,5.623,1.08,0,15,205.16,1,0,0,company_green_valley_farm:closed emp=3 vac=0 wage=15.52 cap=10 util=0.06 out=8 rev=7.04 costs=46.56 profit=-39.52 cash=-267.9
49,17,7,3,5.623,1.11,0,15,190.16,1,0,0,company_green_valley_farm:closed emp=3 vac=0 wage=15.52 cap=10 util=0.06 out=8 rev=7.04 costs=46.56 profit=-39.52 cash=-267.9
50,17,7,3,5.623,1.14,0,15,175.16,1,0,0,company_green_valley_farm:closed emp=3 vac=0 wage=15.52 cap=10 util=0.06 out=8 rev=7.04 costs=46.56 profit=-39.52 cash=-267.9
51,17,7,3,5.623,1.17,0,15,160.16,1,0,0,company_green_valley_farm:closed emp=3 vac=0 wage=15.52 cap=10 util=0.06 out=8 rev=7.04 costs=46.56 profit=-39.52 cash=-267.9
52,17,7,3,5.623,1.21,0,15,145.16,1,0,0,company_green_valley_farm:closed emp=3 vac=0 wage=15.52 cap=10 util=0.06 out=8 rev=7.04 costs=46.56 profit=-39.52 cash=-267.9
53,18,7,3,4.755,1.25,0,12,133.16,1,0,0,company_green_valley_farm:closed emp=3 vac=0 wage=15.52 cap=10 util=0.06 out=8 rev=7.04 costs=46.56 profit=-39.52 cash=-267.9
54,18,7,3,4.755,1.29,0,12,121.16,1,0,0,company_green_valley_farm:closed emp=3 vac=0 wage=15.52 cap=10 util=0.06 out=8 rev=7.04 costs=46.56 profit=-39.52 cash=-267.9
55,18,7,3,4.755,1.33,0,12,109.16,1,0,0,company_green_valley_farm:closed emp=3 vac=0 wage=15.52 cap=10 util=0.06 out=8 rev=7.04 costs=46.56 profit=-39.52 cash=-267.9
56,18,7,3,4.755,1.37,0,12,97.16,1,0,0,company_green_valley_farm:closed emp=3 vac=0 wage=15.52 cap=10 util=0.06 out=8 rev=7.04 costs=46.56 profit=-39.52 cash=-267.9
57,18,7,3,4.755,1.41,0,12,85.16,1,0,0,company_green_valley_farm:closed emp=3 vac=0 wage=15.52 cap=10 util=0.06 out=8 rev=7.04 costs=46.56 profit=-39.52 cash=-267.9
58,18,7,3,4.755,1.45,0,12,73.16,1,0,0,company_green_valley_farm:closed emp=3 vac=0 wage=15.52 cap=10 util=0.06 out=8 rev=7.04 costs=46.56 profit=-39.52 cash=-267.9
59,18,7,3,4.755,1.49,0,12,61.16,1,0,0,company_green_valley_farm:closed emp=3 vac=0 wage=15.52 cap=10 util=0.06 out=8 rev=7.04 costs=46.56 profit=-39.52 cash=-267.9
60,18,7,3,4.755,1.53,0,12,49.16,1,0,0,company_green_valley_farm:closed emp=3 vac=0 wage=15.52 cap=10 util=0.06 out=8 rev=7.04 costs=46.56 profit=-39.52 cash=-267.9
61,19,7,3,4.505,1.58,0,12,37.16,1,0,0,company_green_valley_farm:closed emp=3 vac=0 wage=15.52 cap=10 util=0.06 out=8 rev=7.04 costs=46.56 profit=-39.52 cash=-267.9
62,19,7,3,4.505,1.63,0,12,25.16,1,0,0,company_green_valley_farm:closed emp=3 vac=0 wage=15.52 cap=10 util=0.06 out=8 rev=7.04 costs=46.56 profit=-39.52 cash=-267.9
63,19,7,3,4.505,1.68,0,12,13.16,1,0,0,company_green_valley_farm:closed emp=3 vac=0 wage=15.52 cap=10 util=0.06 out=8 rev=7.04 costs=46.56 profit=-39.52 cash=-267.9
64,19,7,3,4.505,1.73,0,12,1.16,1,0,0,company_green_valley_farm:closed emp=3 vac=0 wage=15.52 cap=10 util=0.06 out=8 rev=7.04 costs=46.56 profit=-39.52 cash=-267.9
65,19,7,3,4.505,1.78,0,12,0,1,0,0,company_green_valley_farm:closed emp=3 vac=0 wage=15.52 cap=10 util=0.06 out=8 rev=7.04 costs=46.56 profit=-39.52 cash=-267.9
66,19,7,3,4.505,1.83,0,12,0,1,0,0,company_green_valley_farm:closed emp=3 vac=0 wage=15.52 cap=10 util=0.06 out=8 rev=7.04 costs=46.56 profit=-39.52 cash=-267.9
67,19,7,3,4.505,1.88,0,12,0,1,0,0,company_green_valley_farm:closed emp=3 vac=0 wage=15.52 cap=10 util=0.06 out=8 rev=7.04 costs=46.56 profit=-39.52 cash=-267.9
68,19,7,3,4.358,1.94,0,12,0,1,1,0,company_grain_farm_region_green_valley_t67:A emp=0 vac=0 wage=10 cap=1 util=0.5 out=0 rev=0 costs=0 profit=0 cash=0 ; company_green_valley_farm:closed emp=3 vac=0 wage=15.52 cap=10 util=0.06 out=8 rev=7.04 costs=46.56 profit=-39.52 cash=-267.9
69,19,7,4,4.195,2,0,15,0,1,1,1,company_grain_farm_region_green_valley_t67:A emp=1 vac=0 wage=9.7 cap=1 util=0.575 out=0 rev=0 costs=9.7 profit=-9.7 cash=-9.7 ; company_green_valley_farm:closed emp=3 vac=0 wage=15.52 cap=10 util=0.06 out=8 rev=7.04 costs=46.56 profit=-39.52 cash=-267.9
70,19,7,4,4.195,2.06,0,15,0,1,1,1,company_grain_farm_region_green_valley_t67:A emp=1 vac=0 wage=9.41 cap=1 util=0.65 out=0 rev=0 costs=9.41 profit=-9.41 cash=-19.11 ; company_green_valley_farm:closed emp=3 vac=0 wage=15.52 cap=10 util=0.06 out=8 rev=7.04 costs=46.56 profit=-39.52 cash=-267.9
71,19,7,3,4.195,2.12,0,12,0,1,1,0,company_grain_farm_region_green_valley_t67:A emp=0 vac=0 wage=9.13 cap=1 util=0.725 out=0 rev=0 costs=9.13 profit=-9.13 cash=-28.24 ; company_green_valley_farm:closed emp=3 vac=0 wage=15.52 cap=10 util=0.06 out=8 rev=7.04 costs=46.56 profit=-39.52 cash=-267.9
72,19,7,3,4.195,2.18,0,12,0,1,1,0,company_grain_farm_region_green_valley_t67:A emp=0 vac=0 wage=8.86 cap=1 util=0.8 out=0 rev=0 costs=0 profit=0 cash=-28.24 ; company_green_valley_farm:closed emp=3 vac=0 wage=15.52 cap=10 util=0.06 out=8 rev=7.04 costs=46.56 profit=-39.52 cash=-267.9
73,19,7,4,4.136,2.25,0,15,0,1,1,1,company_grain_farm_region_green_valley_t67:A emp=1 vac=0 wage=8.59 cap=1 util=0.875 out=0 rev=0 costs=8.59 profit=-8.59 cash=-36.83 ; company_green_valley_farm:closed emp=3 vac=0 wage=15.52 cap=10 util=0.06 out=8 rev=7.04 costs=46.56 profit=-39.52 cash=-267.9
74,20,7,4,3.93,2.32,0,14.889,0,1,1,1,company_grain_farm_region_green_valley_t67:A emp=1 vac=0 wage=8.33 cap=1 util=0.95 out=0 rev=0 costs=8.33 profit=-8.33 cash=-45.16 ; company_green_valley_farm:closed emp=3 vac=0 wage=15.52 cap=10 util=0.06 out=8 rev=7.04 costs=46.56 profit=-39.52 cash=-267.9
75,20,7,3,3.93,2.39,0,11.621,0,1,1,0,company_grain_farm_region_green_valley_t67:A emp=0 vac=0 wage=8.08 cap=1 util=1 out=0 rev=0 costs=8.08 profit=-8.08 cash=-53.24 ; company_green_valley_farm:closed emp=3 vac=0 wage=15.52 cap=10 util=0.06 out=8 rev=7.04 costs=46.56 profit=-39.52 cash=-267.9
76,20,7,3,3.93,2.46,0,11.368,0,1,1,0,company_grain_farm_region_green_valley_t67:A emp=0 vac=0 wage=7.84 cap=1 util=1 out=0 rev=0 costs=0 profit=0 cash=-53.24 ; company_green_valley_farm:closed emp=3 vac=0 wage=15.52 cap=10 util=0.06 out=8 rev=7.04 costs=46.56 profit=-39.52 cash=-267.9
77,20,6,3,3.38,2.53,8,11.13,0,1,1,1,company_grain_farm_region_green_valley_t67:A emp=1 vac=0 wage=7.6 cap=1 util=1 out=8 rev=7.38 costs=7.6 profit=-0.22 cash=-53.46 ; company_green_valley_farm:closed emp=3 vac=0 wage=15.52 cap=10 util=0.06 out=8 rev=7.04 costs=46.56 profit=-39.52 cash=-267.9
78,20,6,3,3.38,2.61,8,10.905,0,1,1,1,company_grain_farm_region_green_valley_t67:A emp=1 vac=0 wage=7.37 cap=1 util=1 out=8 rev=20.24 costs=7.37 profit=12.87 cash=-40.59 ; company_green_valley_farm:closed emp=3 vac=0 wage=15.52 cap=10 util=0.06 out=8 rev=7.04 costs=46.56 profit=-39.52 cash=-267.9
79,20,6,2,3.38,2.69,0,7.663,0,1,1,0,company_grain_farm_region_green_valley_t67:A emp=0 vac=0 wage=7.15 cap=1 util=1 out=0 rev=0 costs=7.15 profit=-7.15 cash=-47.74 ; company_green_valley_farm:closed emp=3 vac=0 wage=15.52 cap=10 util=0.06 out=8 rev=7.04 costs=46.56 profit=-39.52 cash=-267.9
80,20,6,2,3.38,2.77,0,7.435,0,1,1,0,company_grain_farm_region_green_valley_t67:A emp=0 vac=0 wage=6.94 cap=1 util=1 out=0 rev=0 costs=0 profit=0 cash=-47.74 ; company_green_valley_farm:closed emp=3 vac=0 wage=15.52 cap=10 util=0.06 out=8 rev=7.04 costs=46.56 profit=-39.52 cash=-267.9
81,21,7,3,3.178,2.85,8,9.65,0,1,1,1,company_grain_farm_region_green_valley_t67:A emp=1 vac=0 wage=6.73 cap=1 util=1 out=8 rev=22.16 costs=6.73 profit=15.43 cash=-32.31 ; company_green_valley_farm:closed emp=3 vac=0 wage=15.52 cap=10 util=0.06 out=8 rev=7.04 costs=46.56 profit=-39.52 cash=-267.9
82,21,7,3,3.178,2.94,8,9.379,0,1,1,1,company_grain_farm_region_green_valley_t67:A emp=1 vac=0 wage=6.53 cap=1 util=1 out=8 rev=22.8 costs=6.53 profit=16.27 cash=-16.04 ; company_green_valley_farm:closed emp=3 vac=0 wage=15.52 cap=10 util=0.06 out=8 rev=7.04 costs=46.56 profit=-39.52 cash=-267.9
83,21,7,2,3.178,3.03,0,6.803,0,1,1,0,company_grain_farm_region_green_valley_t67:A emp=0 vac=0 wage=6.33 cap=1 util=1 out=0 rev=0 costs=6.33 profit=-6.33 cash=-22.37 ; company_green_valley_farm:closed emp=3 vac=0 wage=15.52 cap=10 util=0.06 out=8 rev=7.04 costs=46.56 profit=-39.52 cash=-267.9
84,21,7,2,3.178,3.12,0,6.601,0,1,1,0,company_grain_farm_region_green_valley_t67:A emp=0 vac=0 wage=6.14 cap=1 util=1 out=0 rev=0 costs=0 profit=0 cash=-22.37 ; company_green_valley_farm:closed emp=3 vac=0 wage=15.52 cap=10 util=0.06 out=8 rev=7.04 costs=46.56 profit=-39.52 cash=-267.9
85,21,7,3,3.141,3.18,8,8.321,0,1,1,1,company_grain_farm_region_green_valley_t67:A emp=1 vac=0 wage=5.96 cap=1 util=1 out=8 rev=24.96 costs=5.96 profit=19 cash=-3.37 ; company_green_valley_farm:closed emp=3 vac=0 wage=15.52 cap=10 util=0.06 out=8 rev=7.04 costs=46.56 profit=-39.52 cash=-267.9
86,21,7,3,3.141,3.2,8,8.164,0,1,1,1,company_grain_farm_region_green_valley_t67:A emp=1 vac=0 wage=5.78 cap=1 util=1 out=8 rev=25.44 costs=5.78 profit=19.66 cash=16.29 ; company_green_valley_farm:closed emp=3 vac=0 wage=15.52 cap=10 util=0.06 out=8 rev=7.04 costs=46.56 profit=-39.52 cash=-267.9
87,22,8,3,2.998,3.21,8,8.113,0,1,1,1,company_grain_farm_region_green_valley_t67:A emp=1 vac=0 wage=5.61 cap=1 util=1 out=8 rev=25.6 costs=5.61 profit=19.99 cash=36.28 ; company_green_valley_farm:closed emp=3 vac=0 wage=15.52 cap=10 util=0.06 out=8 rev=7.04 costs=46.56 profit=-39.52 cash=-267.9
88,22,8,3,2.998,3.22,8,8.087,0,1,1,1,company_grain_farm_region_green_valley_t67:A emp=1 vac=0 wage=5.44 cap=1 util=1 out=8 rev=25.68 costs=5.44 profit=20.24 cash=56.52 ; company_green_valley_farm:closed emp=3 vac=0 wage=15.52 cap=10 util=0.06 out=8 rev=7.04 costs=46.56 profit=-39.52 cash=-267.9
89,22,8,3,2.998,3.23,8,8.062,0,1,1,1,company_grain_farm_region_green_valley_t67:A emp=1 vac=0 wage=5.28 cap=1 util=1 out=8 rev=25.76 costs=5.28 profit=20.48 cash=77 ; company_green_valley_farm:closed emp=3 vac=0 wage=15.52 cap=10 util=0.06 out=8 rev=7.04 costs=46.56 profit=-39.52 cash=-267.9
90,23,8,3,2.868,3.23,8,8.037,0,1,1,1,company_grain_farm_region_green_valley_t67:A emp=1 vac=0 wage=5.12 cap=1 util=1 out=8 rev=25.84 costs=5.12 profit=20.72 cash=97.72 ; company_green_valley_farm:closed emp=3 vac=0 wage=15.52 cap=10 util=0.06 out=8 rev=7.04 costs=46.56 profit=-39.52 cash=-267.9
91,23,8,3,2.868,3.23,8,8.037,0,1,1,1,company_grain_farm_region_green_valley_t67:A emp=1 vac=0 wage=4.97 cap=1 util=1 out=8 rev=25.84 costs=4.97 profit=20.87 cash=118.59 ; company_green_valley_farm:closed emp=3 vac=0 wage=15.52 cap=10 util=0.06 out=8 rev=7.04 costs=46.56 profit=-39.52 cash=-267.9
92,22,7,3,2.998,3.23,8,8.037,0,1,1,1,company_grain_farm_region_green_valley_t67:A emp=1 vac=0 wage=4.82 cap=1.25 util=1 out=8 rev=25.84 costs=4.82 profit=21.02 cash=39.61 ; company_green_valley_farm:closed emp=3 vac=0 wage=15.52 cap=10 util=0.06 out=8 rev=7.04 costs=46.56 profit=-39.52 cash=-267.9
93,22,7,4,2.515,3.32,8,9.486,0,1,1,2,company_grain_farm_region_green_valley_t67:A emp=2 vac=0 wage=4.68 cap=1.25 util=1 out=8 rev=25.84 costs=9.36 profit=16.48 cash=56.09 ; company_green_valley_farm:closed emp=3 vac=0 wage=15.52 cap=10 util=0.06 out=8 rev=7.04 costs=46.56 profit=-39.52 cash=-267.9
94,22,7,4,2.515,3.4,8,9.229,0,1,1,2,company_grain_farm_region_green_valley_t67:A emp=2 vac=0 wage=4.54 cap=1.25 util=1 out=8 rev=26.56 costs=9.08 profit=17.48 cash=73.57 ; company_green_valley_farm:closed emp=3 vac=0 wage=15.52 cap=10 util=0.06 out=8 rev=7.04 costs=46.56 profit=-39.52 cash=-267.9
95,22,7,4,2.515,3.46,8,9.012,0,1,1,2,company_grain_farm_region_green_valley_t67:A emp=2 vac=0 wage=4.4 cap=1.25 util=1 out=8 rev=27.2 costs=8.8 profit=18.4 cash=91.97 ; company_green_valley_farm:closed emp=3 vac=0 wage=15.52 cap=10 util=0.06 out=8 rev=7.04 costs=46.56 profit=-39.52 cash=-267.9
96,22,7,4,2.515,3.52,8,8.855,0,1,1,2,company_grain_farm_region_green_valley_t67:A emp=2 vac=0 wage=4.27 cap=1.25 util=1 out=8 rev=27.68 costs=8.54 profit=19.14 cash=111.11 ; company_green_valley_farm:closed emp=3 vac=0 wage=15.52 cap=10 util=0.06 out=8 rev=7.04 costs=46.56 profit=-39.52 cash=-267.9
97,22,7,4,2.515,3.57,8,8.705,0,1,1,2,company_grain_farm_region_green_valley_t67:A emp=2 vac=0 wage=4.14 cap=1.25 util=1 out=8 rev=28.16 costs=8.28 profit=19.88 cash=130.99 ; company_green_valley_farm:closed emp=3 vac=0 wage=15.52 cap=10 util=0.06 out=8 rev=7.04 costs=46.56 profit=-39.52 cash=-267.9
98,22,7,4,2.06,3.61,8,8.583,0,1,1,2,company_grain_farm_region_green_valley_t67:A emp=2 vac=0 wage=4.02 cap=1.25 util=1 out=8 rev=28.56 costs=8.04 profit=20.52 cash=151.51 ; company_green_valley_farm:closed emp=3 vac=0 wage=15.52 cap=10 util=0.06 out=8 rev=7.04 costs=46.56 profit=-39.52 cash=-267.9
99,22,7,4,2.06,3.64,8,8.488,0,1,1,2,company_grain_farm_region_green_valley_t67:A emp=2 vac=0 wage=3.9 cap=1.25 util=1 out=8 rev=28.88 costs=7.8 profit=21.08 cash=172.59 ; company_green_valley_farm:closed emp=3 vac=0 wage=15.52 cap=10 util=0.06 out=8 rev=7.04 costs=46.56 profit=-39.52 cash=-267.9
100,22,7,4,2.06,3.67,8,8.418,0,1,1,2,company_grain_farm_region_green_valley_t67:A emp=2 vac=0 wage=3.78 cap=1.25 util=1 out=8 rev=29.12 costs=7.56 profit=21.56 cash=194.15 ; company_green_valley_farm:closed emp=3 vac=0 wage=15.52 cap=10 util=0.06 out=8 rev=7.04 costs=46.56 profit=-39.52 cash=-267.9
101,22,7,4,2.06,3.69,8,8.349,0,1,1,2,company_grain_farm_region_green_valley_t67:A emp=2 vac=0 wage=3.67 cap=1.25 util=1 out=8 rev=29.36 costs=7.34 profit=22.02 cash=216.17 ; company_green_valley_farm:closed emp=3 vac=0 wage=15.52 cap=10 util=0.06 out=8 rev=7.04 costs=46.56 profit=-39.52 cash=-267.9
102,22,7,4,2.06,3.71,8,8.304,0,1,1,2,company_grain_farm_region_green_valley_t67:A emp=2 vac=0 wage=3.56 cap=1.25 util=1 out=8 rev=29.52 costs=7.12 profit=22.4 cash=238.57 ; company_green_valley_farm:closed emp=3 vac=0 wage=15.52 cap=10 util=0.06 out=8 rev=7.04 costs=46.56 profit=-39.52 cash=-267.9
103,22,7,4,2.06,3.73,8,8.259,0,1,1,2,company_grain_farm_region_green_valley_t67:A emp=2 vac=0 wage=3.45 cap=1.25 util=1 out=8 rev=29.68 costs=6.9 profit=22.78 cash=261.35 ; company_green_valley_farm:closed emp=3 vac=0 wage=15.52 cap=10 util=0.06 out=8 rev=7.04 costs=46.56 profit=-39.52 cash=-267.9
104,22,7,4,2.06,3.74,8,8.214,0,1,1,2,company_grain_farm_region_green_valley_t67:A emp=2 vac=0 wage=3.35 cap=1.5625 util=1 out=8 rev=29.84 costs=6.7 profit=23.14 cash=184.49 ; company_green_valley_farm:closed emp=3 vac=0 wage=15.52 cap=10 util=0.06 out=8 rev=7.04 costs=46.56 profit=-39.52 cash=-267.9
105,22,7,4,2.06,3.75,8,8.193,0,1,1,2,company_grain_farm_region_green_valley_t67:A emp=2 vac=0 wage=3.25 cap=1.5625 util=1 out=8 rev=29.92 costs=6.5 profit=23.42 cash=207.91 ; company_green_valley_farm:closed emp=3 vac=0 wage=15.52 cap=10 util=0.06 out=8 rev=7.04 costs=46.56 profit=-39.52 cash=-267.9
106,22,7,4,2.06,3.76,8,8.171,0,1,1,2,company_grain_farm_region_green_valley_t67:A emp=2 vac=0 wage=3.15 cap=1.5625 util=1 out=8 rev=30 costs=6.3 profit=23.7 cash=231.61 ; company_green_valley_farm:closed emp=3 vac=0 wage=15.52 cap=10 util=0.06 out=8 rev=7.04 costs=46.56 profit=-39.52 cash=-267.9
107,22,7,4,2.06,3.77,8,8.149,0,1,1,2,company_grain_farm_region_green_valley_t67:A emp=2 vac=0 wage=3.06 cap=1.5625 util=1 out=8 rev=30.08 costs=6.12 profit=23.96 cash=255.57 ; company_green_valley_farm:closed emp=3 vac=0 wage=15.52 cap=10 util=0.06 out=8 rev=7.04 costs=46.56 profit=-39.52 cash=-267.9
108,22,7,4,2.06,3.78,8,8.127,0,1,1,2,company_grain_farm_region_green_valley_t67:A emp=2 vac=0 wage=2.97 cap=1.5625 util=1 out=8 rev=30.16 costs=5.94 profit=24.22 cash=279.79 ; company_green_valley_farm:closed emp=3 vac=0 wage=15.52 cap=10 util=0.06 out=8 rev=7.04 costs=46.56 profit=-39.52 cash=-267.9
109,22,7,4,2.06,3.79,8,8.106,0,1,1,2,company_grain_farm_region_green_valley_t67:A emp=2 vac=0 wage=2.88 cap=1.5625 util=1 out=8 rev=30.24 costs=5.76 profit=24.48 cash=304.27 ; company_green_valley_farm:closed emp=3 vac=0 wage=15.52 cap=10 util=0.06 out=8 rev=7.04 costs=46.56 profit=-39.52 cash=-267.9
110,23,7,4,1.97,3.8,8,8.084,0,1,1,2,company_grain_farm_region_green_valley_t67:A emp=2 vac=0 wage=2.79 cap=1.5625 util=1 out=8 rev=30.32 costs=5.58 profit=24.74 cash=329.01 ; company_green_valley_farm:closed emp=3 vac=0 wage=15.52 cap=10 util=0.06 out=8 rev=7.04 costs=46.56 profit=-39.52 cash=-267.9
111,23,7,4,1.97,3.8,8,8.063,0,1,1,2,company_grain_farm_region_green_valley_t67:A emp=2 vac=0 wage=2.71 cap=1.5625 util=1 out=8 rev=30.4 costs=5.42 profit=24.98 cash=353.99 ; company_green_valley_farm:closed emp=3 vac=0 wage=15.52 cap=10 util=0.06 out=8 rev=7.04 costs=46.56 profit=-39.52 cash=-267.9
112,23,7,4,1.97,3.8,8,8.063,0,1,1,2,company_grain_farm_region_green_valley_t67:A emp=2 vac=0 wage=2.63 cap=1.5625 util=1 out=8 rev=30.4 costs=5.26 profit=25.14 cash=379.13 ; company_green_valley_farm:closed emp=3 vac=0 wage=15.52 cap=10 util=0.06 out=8 rev=7.04 costs=46.56 profit=-39.52 cash=-267.9
113,23,7,4,1.97,3.8,8,8.063,0,1,1,2,company_grain_farm_region_green_valley_t67:A emp=2 vac=0 wage=2.55 cap=1.5625 util=1 out=8 rev=30.4 costs=5.1 profit=25.3 cash=404.43 ; company_green_valley_farm:closed emp=3 vac=0 wage=15.52 cap=10 util=0.06 out=8 rev=7.04 costs=46.56 profit=-39.52 cash=-267.9
114,23,7,3,1.536,3.69,8,5.432,2.568,1,1,2,company_grain_farm_region_green_valley_t67:A emp=2 vac=0 wage=2.47 cap=1.5625 util=1 out=8 rev=30.4 costs=4.94 profit=25.46 cash=429.89 ; company_green_valley_farm:closed emp=3 vac=0 wage=15.52 cap=10 util=0.06 out=8 rev=7.04 costs=46.56 profit=-39.52 cash=-267.9
115,22,7,3,1.847,3.58,8,5.593,4.975,1,1,2,company_grain_farm_region_green_valley_t67:A emp=2 vac=0 wage=2.4 cap=1.5625 util=1 out=8 rev=29.52 costs=4.8 profit=24.72 cash=454.61 ; company_green_valley_farm:closed emp=3 vac=0 wage=15.52 cap=10 util=0.06 out=8 rev=7.04 costs=46.56 profit=-39.52 cash=-267.9
116,22,7,3,1.847,3.47,8,5.765,7.21,1,1,2,company_grain_farm_region_green_valley_t67:A emp=2 vac=0 wage=2.33 cap=1.953125 util=1 out=8 rev=28.64 costs=4.66 profit=23.98 cash=378.59 ; company_green_valley_farm:closed emp=3 vac=0 wage=15.52 cap=10 util=0.06 out=8 rev=7.04 costs=46.56 profit=-39.52 cash=-267.9
117,22,7,3,1.847,3.37,8,5.948,9.261,1,1,2,company_grain_farm_region_green_valley_t67:A emp=2 vac=0 wage=2.26 cap=1.953125 util=1 out=8 rev=27.76 costs=4.52 profit=23.24 cash=401.83 ; company_green_valley_farm:closed emp=3 vac=0 wage=15.52 cap=10 util=0.06 out=8 rev=7.04 costs=46.56 profit=-39.52 cash=-267.9
118,22,7,3,1.847,3.27,8,6.125,11.137,1,1,2,company_grain_farm_region_green_valley_t67:A emp=2 vac=0 wage=2.19 cap=1.953125 util=1 out=8 rev=26.96 costs=4.38 profit=22.58 cash=424.41 ; company_green_valley_farm:closed emp=3 vac=0 wage=15.52 cap=10 util=0.06 out=8 rev=7.04 costs=46.56 profit=-39.52 cash=-267.9
119,22,7,3,1.847,3.17,8,6.254,12.883,1,1,2,company_grain_farm_region_green_valley_t67:A emp=2 vac=0 wage=2.12 cap=1.953125 util=1 out=8 rev=26.16 costs=4.24 profit=21.92 cash=446.33 ; company_green_valley_farm:closed emp=3 vac=0 wage=15.52 cap=10 util=0.06 out=8 rev=7.04 costs=46.56 profit=-39.52 cash=-267.9
120,22,7,3,1.847,3.07,8,6.356,14.527,1,1,2,company_grain_farm_region_green_valley_t67:A emp=2 vac=0 wage=2.06 cap=1.953125 util=1 out=8 rev=25.36 costs=4.12 profit=21.24 cash=467.57 ; company_green_valley_farm:closed emp=3 vac=0 wage=15.52 cap=10 util=0.06 out=8 rev=7.04 costs=46.56 profit=-39.52 cash=-267.9
121,22,7,3,1.847,2.98,8,6.466,16.061,1,1,2,company_grain_farm_region_green_valley_t67:A emp=2 vac=0 wage=2 cap=1.953125 util=1 out=8 rev=24.56 costs=4 profit=20.56 cash=488.13 ; company_green_valley_farm:closed emp=3 vac=0 wage=15.52 cap=10 util=0.06 out=8 rev=7.04 costs=46.56 profit=-39.52 cash=-267.9
122,22,7,3,1.847,2.89,8,6.57,17.49,1,1,2,company_grain_farm_region_green_valley_t67:A emp=2 vac=0 wage=1.94 cap=1.953125 util=1 out=8 rev=23.84 costs=3.88 profit=19.96 cash=508.09 ; company_green_valley_farm:closed emp=3 vac=0 wage=15.52 cap=10 util=0.06 out=8 rev=7.04 costs=46.56 profit=-39.52 cash=-267.9
123,22,8,3,1.847,2.8,8,6.682,18.809,1,1,2,company_grain_farm_region_green_valley_t67:A emp=2 vac=0 wage=1.88 cap=1.953125 util=1 out=8 rev=23.12 costs=3.76 profit=19.36 cash=527.45 ; company_green_valley_farm:closed emp=3 vac=0 wage=15.52 cap=10 util=0.06 out=8 rev=7.04 costs=46.56 profit=-39.52 cash=-267.9
124,22,8,3,1.847,2.72,8,6.8,20.009,1,1,2,company_grain_farm_region_green_valley_t67:A emp=2 vac=0 wage=1.82 cap=1.953125 util=1 out=8 rev=22.4 costs=3.64 profit=18.76 cash=546.21 ; company_green_valley_farm:closed emp=3 vac=0 wage=15.52 cap=10 util=0.06 out=8 rev=7.04 costs=46.56 profit=-39.52 cash=-267.9
125,22,8,3,1.847,2.64,8,6.912,21.097,1,1,2,company_grain_farm_region_green_valley_t67:A emp=2 vac=0 wage=1.77 cap=1.953125 util=1 out=8 rev=21.76 costs=3.54 profit=18.22 cash=564.43 ; company_green_valley_farm:closed emp=3 vac=0 wage=15.52 cap=10 util=0.06 out=8 rev=7.04 costs=46.56 profit=-39.52 cash=-267.9
126,22,8,3,1.847,2.56,8,7.03,22.067,1,1,2,company_grain_farm_region_green_valley_t67:A emp=2 vac=0 wage=1.72 cap=1.953125 util=1 out=8 rev=21.12 costs=3.44 profit=17.68 cash=582.11 ; company_green_valley_farm:closed emp=3 vac=0 wage=15.52 cap=10 util=0.06 out=8 rev=7.04 costs=46.56 profit=-39.52 cash=-267.9
127,22,8,3,1.847,2.48,8,7.156,22.91,1,1,2,company_grain_farm_region_green_valley_t67:A emp=2 vac=0 wage=1.67 cap=1.953125 util=1 out=8 rev=20.48 costs=3.34 profit=17.14 cash=599.25 ; company_green_valley_farm:closed emp=3 vac=0 wage=15.52 cap=10 util=0.06 out=8 rev=7.04 costs=46.56 profit=-39.52 cash=-267.9
128,22,8,3,1.847,2.41,16,7.29,31.62,1,1,2,company_grain_farm_region_green_valley_t67:A emp=2 vac=0 wage=1.62 cap=2.44140625 util=1 out=16 rev=39.68 costs=3.24 profit=36.44 cash=535.69 ; company_green_valley_farm:closed emp=3 vac=0 wage=15.52 cap=10 util=0.06 out=8 rev=7.04 costs=46.56 profit=-39.52 cash=-267.9
129,22,8,4,1.081,2.34,16,8.066,39.554,1,1,3,company_grain_farm_region_green_valley_t67:A emp=3 vac=0 wage=1.57 cap=2.44140625 util=1 out=16 rev=38.56 costs=4.71 profit=33.85 cash=569.54 ; company_green_valley_farm:closed emp=3 vac=0 wage=15.52 cap=10 util=0.06 out=8 rev=7.04 costs=46.56 profit=-39.52 cash=-267.9
130,22,8,4,1.081,2.27,16,8.218,47.336,1,1,3,company_grain_farm_region_green_valley_t67:A emp=3 vac=0 wage=1.52 cap=2.44140625 util=1 out=16 rev=37.44 costs=4.56 profit=32.88 cash=602.42 ; company_green_valley_farm:closed emp=3 vac=0 wage=15.52 cap=10 util=0.06 out=8 rev=7.04 costs=46.56 profit=-39.52 cash=-267.9
131,22,8,4,1.081,2.2,16,8.379,54.957,1,1,3,company_grain_farm_region_green_valley_t67:A emp=3 vac=0 wage=1.47 cap=2.44140625 util=1 out=16 rev=36.32 costs=4.41 profit=31.91 cash=634.33 ; company_green_valley_farm:closed emp=3 vac=0 wage=15.52 cap=10 util=0.06 out=8 rev=7.04 costs=46.56 profit=-39.52 cash=-267.9
132,22,8,4,1.535,2.13,16,10.095,60.861,1,1,3,company_grain_farm_region_green_valley_t67:A emp=3 vac=0 wage=1.43 cap=2.44140625 util=1 out=16 rev=35.2 costs=4.29 profit=30.91 cash=665.24 ; company_green_valley_farm:closed emp=3 vac=0 wage=15.52 cap=10 util=0.06 out=8 rev=7.04 costs=46.56 profit=-39.52 cash=-267.9
133,22,8,4,1.535,2.07,16,10.427,66.434,1,1,3,company_grain_farm_region_green_valley_t67:A emp=3 vac=0 wage=1.39 cap=2.44140625 util=1 out=16 rev=34.08 costs=4.17 profit=29.91 cash=695.15 ; company_green_valley_farm:closed emp=3 vac=0 wage=15.52 cap=10 util=0.06 out=8 rev=7.04 costs=46.56 profit=-39.52 cash=-267.9
134,22,8,4,1.535,2.01,16,10.729,71.705,1,1,3,company_grain_farm_region_green_valley_t67:A emp=3 vac=0 wage=1.35 cap=2.44140625 util=1 out=16 rev=33.12 costs=4.05 profit=29.07 cash=724.22 ; company_green_valley_farm:closed emp=3 vac=0 wage=15.52 cap=10 util=0.06 out=8 rev=7.04 costs=46.56 profit=-39.52 cash=-267.9
135,22,8,4,1.535,1.95,16,11.05,76.655,1,1,3,company_grain_farm_region_green_valley_t67:A emp=3 vac=0 wage=1.31 cap=2.44140625 util=1 out=16 rev=32.16 costs=3.93 profit=28.23 cash=752.45 ; company_green_valley_farm:closed emp=3 vac=0 wage=15.52 cap=10 util=0.06 out=8 rev=7.04 costs=46.56 profit=-39.52 cash=-267.9
136,22,8,4,1.535,1.89,16,11.333,81.322,1,1,3,company_grain_farm_region_green_valley_t67:A emp=3 vac=0 wage=1.27 cap=2.44140625 util=1 out=16 rev=31.2 costs=3.81 profit=27.39 cash=779.84 ; company_green_valley_farm:closed emp=3 vac=0 wage=15.52 cap=10 util=0.06 out=8 rev=7.04 costs=46.56 profit=-39.52 cash=-267.9
137,22,8,4,1.535,1.83,16,11.598,85.724,1,1,3,company_grain_farm_region_green_valley_t67:A emp=3 vac=0 wage=1.23 cap=2.44140625 util=1 out=16 rev=30.24 costs=3.69 profit=26.55 cash=806.39 ; company_green_valley_farm:closed emp=3 vac=0 wage=15.52 cap=10 util=0.06 out=8 rev=7.04 costs=46.56 profit=-39.52 cash=-267.9
138,22,8,4,1.535,1.78,16,11.88,89.844,1,1,3,company_grain_farm_region_green_valley_t67:A emp=3 vac=0 wage=1.19 cap=2.44140625 util=1 out=16 rev=29.28 costs=3.57 profit=25.71 cash=832.1 ; company_green_valley_farm:closed emp=3 vac=0 wage=15.52 cap=10 util=0.06 out=8 rev=7.04 costs=46.56 profit=-39.52 cash=-267.9
139,22,8,4,1.535,1.73,16,12.129,93.715,1,1,3,company_grain_farm_region_green_valley_t67:A emp=3 vac=0 wage=1.15 cap=2.44140625 util=1 out=16 rev=28.48 costs=3.45 profit=25.03 cash=857.13 ; company_green_valley_farm:closed emp=3 vac=0 wage=15.52 cap=10 util=0.06 out=8 rev=7.04 costs=46.56 profit=-39.52 cash=-267.9
140,22,8,4,1.535,1.68,24,12.393,105.322,1,1,3,company_grain_farm_region_green_valley_t67:A emp=3 vac=0 wage=1.12 cap=3.0517578125 util=1 out=24 rev=41.52 costs=3.36 profit=38.16 cash=795.29 ; company_green_valley_farm:closed emp=3 vac=0 wage=15.52 cap=10 util=0.06 out=8 rev=7.04 costs=46.56 profit=-39.52 cash=-267.9
141,22,8,5,1.514,1.63,24,13.321,116,1,1,4,company_grain_farm_region_green_valley_t67:A emp=4 vac=0 wage=1.09 cap=3.0517578125 util=1 out=24 rev=40.32 costs=4.36 profit=35.96 cash=831.25 ; company_green_valley_farm:closed emp=3 vac=0 wage=15.52 cap=10 util=0.06 out=8 rev=7.04 costs=46.56 profit=-39.52 cash=-267.9
142,22,8,5,1.059,1.58,24,10.503,129.497,1,1,4,company_grain_farm_region_green_valley_t67:A emp=4 vac=0 wage=1.06 cap=3.0517578125 util=1 out=24 rev=39.12 costs=4.24 profit=34.88 cash=866.13 ; company_green_valley_farm:closed emp=3 vac=0 wage=15.52 cap=10 util=0.06 out=8 rev=7.04 costs=46.56 profit=-39.52 cash=-267.9
143,22,7,5,1.059,1.53,24,10.646,142.852,1,1,4,company_grain_farm_region_green_valley_t67:A emp=4 vac=0 wage=1.03 cap=3.0517578125 util=1 out=24 rev=37.92 costs=4.12 profit=33.8 cash=899.93 ; company_green_valley_farm:closed emp=3 vac=0 wage=15.52 cap=10 util=0.06 out=8 rev=7.04 costs=46.56 profit=-39.52 cash=-267.9
144,22,7,5,1.059,1.48,24,10.739,156.113,1,1,4,company_grain_farm_region_green_valley_t67:A emp=4 vac=0 wage=1 cap=3.0517578125 util=1 out=24 rev=36.72 costs=4 profit=32.72 cash=932.65 ; company_green_valley_farm:closed emp=3 vac=0 wage=15.52 cap=10 util=0.06 out=8 rev=7.04 costs=46.56 profit=-39.52 cash=-267.9
145,22,7,5,1.059,1.44,24,10.797,169.316,1,1,4,company_grain_farm_region_green_valley_t67:A emp=4 vac=0 wage=0.97 cap=3.0517578125 util=1 out=24 rev=35.52 costs=3.88 profit=31.64 cash=964.29 ; company_green_valley_farm:closed emp=3 vac=0 wage=15.52 cap=10 util=0.06 out=8 rev=7.04 costs=46.56 profit=-39.52 cash=-267.9
146,22,7,5,1.059,1.4,24,10.847,182.468,1,1,4,company_grain_farm_region_green_valley_t67:A emp=4 vac=0 wage=0.94 cap=3.0517578125 util=1 out=24 rev=34.56 costs=3.76 profit=30.8 cash=995.09 ; company_green_valley_farm:closed emp=3 vac=0 wage=15.52 cap=10 util=0.06 out=8 rev=7.04 costs=46.56 profit=-39.52 cash=-267.9
147,22,7,5,1.059,1.36,24,10.9,195.568,1,1,4,company_grain_farm_region_green_valley_t67:A emp=4 vac=0 wage=0.91 cap=3.0517578125 util=1 out=24 rev=33.6 costs=3.64 profit=29.96 cash=1025.05 ; company_green_valley_farm:closed emp=3 vac=0 wage=15.52 cap=10 util=0.06 out=8 rev=7.04 costs=46.56 profit=-39.52 cash=-267.9
148,22,7,5,1.059,1.32,24,10.956,208.613,1,1,4,company_grain_farm_region_green_valley_t67:A emp=4 vac=0 wage=0.88 cap=3.0517578125 util=1 out=24 rev=32.64 costs=3.52 profit=29.12 cash=1054.17 ; company_green_valley_farm:closed emp=3 vac=0 wage=15.52 cap=10 util=0.06 out=8 rev=7.04 costs=46.56 profit=-39.52 cash=-267.9
149,21,7,5,1.11,1.28,24,11.015,221.597,1,1,4,company_grain_farm_region_green_valley_t67:A emp=4 vac=0 wage=0.85 cap=3.0517578125 util=1 out=24 rev=31.68 costs=3.4 profit=28.28 cash=1082.45 ; company_green_valley_farm:closed emp=3 vac=0 wage=15.52 cap=10 util=0.06 out=8 rev=7.04 costs=46.56 profit=-39.52 cash=-267.9
150,21,7,5,1.11,1.24,24,11.078,234.519,1,1,4,company_grain_farm_region_green_valley_t67:A emp=4 vac=0 wage=0.82 cap=3.0517578125 util=1 out=24 rev=30.72 costs=3.28 profit=27.44 cash=1109.89 ; company_green_valley_farm:closed emp=3 vac=0 wage=15.52 cap=10 util=0.06 out=8 rev=7.04 costs=46.56 profit=-39.52 cash=-267.9
151,21,7,4,1.11,1.2,16,8.145,242.374,1,1,3,company_grain_farm_region_green_valley_t67:A emp=3 vac=0 wage=0.8 cap=3.0517578125 util=0.98 out=16 rev=19.84 costs=3.2 profit=16.64 cash=1126.53 ; company_green_valley_farm:closed emp=3 vac=0 wage=15.52 cap=10 util=0.06 out=8 rev=7.04 costs=46.56 profit=-39.52 cash=-267.9
152,21,7,4,1.11,1.16,16,8.217,250.157,1,1,3,company_grain_farm_region_green_valley_t67:A emp=3 vac=0 wage=0.78 cap=3.0517578125 util=0.905 out=16 rev=19.2 costs=2.34 profit=16.86 cash=1143.39 ; company_green_valley_farm:closed emp=3 vac=0 wage=15.52 cap=10 util=0.06 out=8 rev=7.04 costs=46.56 profit=-39.52 cash=-267.9
153,21,7,4,1.11,1.13,16,8.293,257.864,1,1,3,company_grain_farm_region_green_valley_t67:A emp=3 vac=0 wage=0.76 cap=3.0517578125 util=0.83 out=16 rev=18.56 costs=2.28 profit=16.28 cash=1159.67 ; company_green_valley_farm:closed emp=3 vac=0 wage=15.52 cap=10 util=0.06 out=8 rev=7.04 costs=46.56 profit=-39.52 cash=-267.9
154,21,7,4,1.11,1.1,16,8.354,265.51,1,1,3,company_grain_farm_region_green_valley_t67:A emp=3 vac=0 wage=0.74 cap=3.0517578125 util=0.755 out=16 rev=18.08 costs=2.22 profit=15.86 cash=1175.53 ; company_green_valley_farm:closed emp=3 vac=0 wage=15.52 cap=10 util=0.06 out=8 rev=7.04 costs=46.56 profit=-39.52 cash=-267.9
155,21,7,4,1.11,1.07,16,8.418,273.092,1,1,3,company_grain_farm_region_green_valley_t67:A emp=3 vac=0 wage=0.72 cap=3.0517578125 util=0.68 out=16 rev=17.6 costs=2.16 profit=15.44 cash=1190.97 ; company_green_valley_farm:closed emp=3 vac=0 wage=15.52 cap=10 util=0.06 out=8 rev=7.04 costs=46.56 profit=-39.52 cash=-267.9
156,20,7,3,0.867,1.04,8,5.486,275.606,1,1,2,company_grain_farm_region_green_valley_t67:A emp=2 vac=0 wage=0.7 cap=3.0517578125 util=0.605 out=8 rev=8.56 costs=2.1 profit=6.46 cash=1197.43 ; company_green_valley_farm:closed emp=3 vac=0 wage=15.52 cap=10 util=0.06 out=8 rev=7.04 costs=46.56 profit=-39.52 cash=-267.9
157,20,7,3,1.367,1.01,8,8.558,275.048,1,1,2,company_grain_farm_region_green_valley_t67:A emp=2 vac=0 wage=0.68 cap=2.44140625 util=0.53 out=8 rev=8.32 costs=1.36 profit=6.96 cash=1204.39 ; company_green_valley_farm:closed emp=3 vac=0 wage=15.52 cap=10 util=0.06 out=8 rev=7.04 costs=46.56 profit=-39.52 cash=-267.9
158,20,7,3,1.367,0.98,8,8.634,274.415,1,1,2,company_grain_farm_region_green_valley_t67:A emp=2 vac=0 wage=0.66 cap=2.44140625 util=0.455 out=8 rev=8.08 costs=1.32 profit=6.76 cash=1211.15 ; company_green_valley_farm:closed emp=3 vac=0 wage=15.52 cap=10 util=0.06 out=8 rev=7.04 costs=46.56 profit=-39.52 cash=-267.9
159,20,7,2,1.367,0.95,0,7.357,267.058,1,1,1,company_grain_farm_region_green_valley_t67:A emp=1 vac=0 wage=0.64 cap=2.44140625 util=0.38 out=0 rev=0 costs=1.28 profit=-1.28 cash=1209.87 ; company_green_valley_farm:closed emp=3 vac=0 wage=15.52 cap=10 util=0.06 out=8 rev=7.04 costs=46.56 profit=-39.52 cash=-267.9
160,20,7,2,1.367,0.92,0,7.4,259.658,1,1,1,company_grain_farm_region_green_valley_t67:A emp=1 vac=0 wage=0.62 cap=2.44140625 util=0.305 out=0 rev=0 costs=0.62 profit=-0.62 cash=1209.25 ; company_green_valley_farm:closed emp=3 vac=0 wage=15.52 cap=10 util=0.06 out=8 rev=7.04 costs=46.56 profit=-39.52 cash=-267.9
161,20,7,2,1.367,0.89,0,7.446,252.212,1,1,1,company_grain_farm_region_green_valley_t67:A emp=1 vac=0 wage=0.6 cap=2.44140625 util=0.23 out=0 rev=0 costs=0.6 profit=-0.6 cash=1208.65 ; company_green_valley_farm:closed emp=3 vac=0 wage=15.52 cap=10 util=0.06 out=8 rev=7.04 costs=46.56 profit=-39.52 cash=-267.9
162,20,7,2,1.367,0.86,0,7.494,244.718,1,1,1,company_grain_farm_region_green_valley_t67:A emp=1 vac=0 wage=0.58 cap=2.44140625 util=0.155 out=0 rev=0 costs=0.58 profit=-0.58 cash=1208.07 ; company_green_valley_farm:closed emp=3 vac=0 wage=15.52 cap=10 util=0.06 out=8 rev=7.04 costs=46.56 profit=-39.52 cash=-267.9
163,20,7,2,1.367,0.83,0,7.547,237.171,1,1,1,company_grain_farm_region_green_valley_t67:A emp=1 vac=0 wage=0.56 cap=1.953125 util=0.08 out=0 rev=0 costs=0.56 profit=-0.56 cash=1207.51 ; company_green_valley_farm:closed emp=3 vac=0 wage=15.52 cap=10 util=0.06 out=8 rev=7.04 costs=46.56 profit=-39.52 cash=-267.9
164,20,7,2,1.367,0.81,0,7.602,229.569,1,1,1,company_grain_farm_region_green_valley_t67:A emp=1 vac=0 wage=0.54 cap=1.953125 util=0.005 out=0 rev=0 costs=0.54 profit=-0.54 cash=1206.97 ; company_green_valley_farm:closed emp=3 vac=0 wage=15.52 cap=10 util=0.06 out=8 rev=7.04 costs=46.56 profit=-39.52 cash=-267.9
165,21,7,1,1.302,0.83,0,6,223.569,1,1,0,company_grain_farm_region_green_valley_t67:A emp=0 vac=0 wage=0.52 cap=1.953125 util=0 out=0 rev=0 costs=0.52 profit=-0.52 cash=1206.45 ; company_green_valley_farm:closed emp=3 vac=0 wage=15.52 cap=10 util=0.06 out=8 rev=7.04 costs=46.56 profit=-39.52 cash=-267.9
166,22,7,1,1.243,0.85,0,6,217.569,1,1,0,company_grain_farm_region_green_valley_t67:A emp=0 vac=0 wage=0.5 cap=1.953125 util=0 out=0 rev=0 costs=0 profit=0 cash=1206.45 ; company_green_valley_farm:closed emp=3 vac=0 wage=15.52 cap=10 util=0.06 out=8 rev=7.04 costs=46.56 profit=-39.52 cash=-267.9
167,22,7,1,1.243,0.88,0,6,211.569,1,1,0,company_grain_farm_region_green_valley_t67:A emp=0 vac=0 wage=0.48 cap=1.953125 util=0 out=0 rev=0 costs=0 profit=0 cash=1206.45 ; company_green_valley_farm:closed emp=3 vac=0 wage=15.52 cap=10 util=0.06 out=8 rev=7.04 costs=46.56 profit=-39.52 cash=-267.9
168,22,7,1,1.243,0.91,0,6,205.569,1,1,0,company_grain_farm_region_green_valley_t67:A emp=0 vac=0 wage=0.47 cap=1.953125 util=0 out=0 rev=0 costs=0 profit=0 cash=1206.45 ; company_green_valley_farm:closed emp=3 vac=0 wage=15.52 cap=10 util=0.06 out=8 rev=7.04 costs=46.56 profit=-39.52 cash=-267.9
169,22,7,1,1.243,0.94,0,6,199.569,1,1,0,company_grain_farm_region_green_valley_t67:A emp=0 vac=0 wage=0.46 cap=1.5625 util=0 out=0 rev=0 costs=0 profit=0 cash=1206.45 ; company_green_valley_farm:closed emp=3 vac=0 wage=15.52 cap=10 util=0.06 out=8 rev=7.04 costs=46.56 profit=-39.52 cash=-267.9
170,22,7,1,1.243,0.97,0,6,193.569,1,1,0,company_grain_farm_region_green_valley_t67:A emp=0 vac=0 wage=0.45 cap=1.5625 util=0 out=0 rev=0 costs=0 profit=0 cash=1206.45 ; company_green_valley_farm:closed emp=3 vac=0 wage=15.52 cap=10 util=0.06 out=8 rev=7.04 costs=46.56 profit=-39.52 cash=-267.9
171,22,7,1,1.243,1,0,6,187.569,1,1,0,company_grain_farm_region_green_valley_t67:A emp=0 vac=0 wage=0.44 cap=1.5625 util=0 out=0 rev=0 costs=0 profit=0 cash=1206.45 ; company_green_valley_farm:closed emp=3 vac=0 wage=15.52 cap=10 util=0.06 out=8 rev=7.04 costs=46.56 profit=-39.52 cash=-267.9
172,22,7,1,1.243,1.03,0,6,181.569,1,1,0,company_grain_farm_region_green_valley_t67:A emp=0 vac=0 wage=0.43 cap=1.5625 util=0 out=0 rev=0 costs=0 profit=0 cash=1206.45 ; company_green_valley_farm:closed emp=3 vac=0 wage=15.52 cap=10 util=0.06 out=8 rev=7.04 costs=46.56 profit=-39.52 cash=-267.9
173,22,7,1,1.243,1.06,0,6,175.569,1,1,0,company_grain_farm_region_green_valley_t67:A emp=0 vac=0 wage=0.42 cap=1.5625 util=0 out=0 rev=0 costs=0 profit=0 cash=1206.45 ; company_green_valley_farm:closed emp=3 vac=0 wage=15.52 cap=10 util=0.06 out=8 rev=7.04 costs=46.56 profit=-39.52 cash=-267.9
174,22,7,1,1.243,1.09,0,6,169.569,1,1,0,company_grain_farm_region_green_valley_t67:A emp=0 vac=0 wage=0.41 cap=1.5625 util=0 out=0 rev=0 costs=0 profit=0 cash=1206.45 ; company_green_valley_farm:closed emp=3 vac=0 wage=15.52 cap=10 util=0.06 out=8 rev=7.04 costs=46.56 profit=-39.52 cash=-267.9
175,22,7,1,1.243,1.12,0,6,163.569,1,1,0,company_grain_farm_region_green_valley_t67:A emp=0 vac=0 wage=0.4 cap=1.25 util=0 out=0 rev=0 costs=0 profit=0 cash=1206.45 ; company_green_valley_farm:closed emp=3 vac=0 wage=15.52 cap=10 util=0.06 out=8 rev=7.04 costs=46.56 profit=-39.52 cash=-267.9
176,22,7,1,1.243,1.15,0,6,157.569,1,1,0,company_grain_farm_region_green_valley_t67:A emp=0 vac=0 wage=0.39 cap=1.25 util=0 out=0 rev=0 costs=0 profit=0 cash=1206.45 ; company_green_valley_farm:closed emp=3 vac=0 wage=15.52 cap=10 util=0.06 out=8 rev=7.04 costs=46.56 profit=-39.52 cash=-267.9
177,22,7,1,1.243,1.18,0,6,151.569,1,1,0,company_grain_farm_region_green_valley_t67:A emp=0 vac=0 wage=0.38 cap=1.25 util=0 out=0 rev=0 costs=0 profit=0 cash=1206.45 ; company_green_valley_farm:closed emp=3 vac=0 wage=15.52 cap=10 util=0.06 out=8 rev=7.04 costs=46.56 profit=-39.52 cash=-267.9
178,22,7,1,1.697,1.22,0,8.475,143.094,1,2,0,company_grain_farm_region_green_valley_t177:A emp=0 vac=0 wage=10 cap=1 util=0.5 out=0 rev=0 costs=0 profit=0 cash=0 ; company_grain_farm_region_green_valley_t67:A emp=0 vac=0 wage=0.37 cap=1.25 util=0 out=0 rev=0 costs=0 profit=0 cash=1206.45 ; company_green_valley_farm:closed emp=3 vac=0 wage=15.52 cap=10 util=0.06 out=8 rev=7.04 costs=46.56 profit=-39.52 cash=-267.9
179,22,7,2,1.925,1.26,0,11.197,131.897,1,2,1,company_grain_farm_region_green_valley_t177:A emp=1 vac=0 wage=9.7 cap=1 util=0.575 out=0 rev=0 costs=9.7 profit=-9.7 cash=-9.7 ; company_grain_farm_region_green_valley_t67:A emp=0 vac=0 wage=0.36 cap=1.25 util=0 out=0 rev=0 costs=0 profit=0 cash=1206.45 ; company_green_valley_farm:closed emp=3 vac=0 wage=15.52 cap=10 util=0.06 out=8 rev=7.04 costs=46.56 profit=-39.52 cash=-267.9
180,22,7,3,1.836,1.3,0,11.214,120.683,1,2,2,company_grain_farm_region_green_valley_t177:A emp=1 vac=0 wage=9.41 cap=1 util=0.65 out=0 rev=0 costs=9.41 profit=-9.41 cash=-19.11 ; company_grain_farm_region_green_valley_t67:A emp=1 vac=0 wage=0.35 cap=1.25 util=0.02 out=0 rev=0 costs=0.35 profit=-0.35 cash=1206.1 ; company_green_valley_farm:closed emp=3 vac=0 wage=15.52 cap=10 util=0.06 out=8 rev=7.04 costs=46.56 profit=-39.52 cash=-267.9
181,22,7,2,1.836,1.34,0,7.962,112.722,1,2,1,company_grain_farm_region_green_valley_t177:A emp=0 vac=0 wage=9.13 cap=1 util=0.725 out=0 rev=0 costs=9.13 profit=-9.13 cash=-28.24 ; company_grain_farm_region_green_valley_t67:A emp=1 vac=0 wage=0.34 cap=1 util=0.095 out=0 rev=0 costs=0.34 profit=-0.34 cash=1205.76 ; company_green_valley_farm:closed emp=3 vac=0 wage=15.52 cap=10 util=0.06 out=8 rev=7.04 costs=46.56 profit=-39.52 cash=-267.9
182,22,7,2,1.836,1.38,0,7.724,104.998,1,2,1,company_grain_farm_region_green_valley_t177:A emp=0 vac=0 wage=8.86 cap=1 util=0.8 out=0 rev=0 costs=0 profit=0 cash=-28.24 ; company_grain_farm_region_green_valley_t67:A emp=1 vac=0 wage=0.33 cap=1 util=0.17 out=0 rev=0 costs=0.33 profit=-0.33 cash=1205.43 ; company_green_valley_farm:closed emp=3 vac=0 wage=15.52 cap=10 util=0.06 out=8 rev=7.04 costs=46.56 profit=-39.52 cash=-267.9
183,22,7,3,1.786,1.42,0,10.5,94.498,1,2,2,company_grain_farm_region_green_valley_t177:A emp=1 vac=0 wage=8.59 cap=1 util=0.875 out=0 rev=0 costs=8.59 profit=-8.59 cash=-36.83 ; company_grain_farm_region_green_valley_t67:A emp=1 vac=0 wage=0.32 cap=1 util=0.245 out=0 rev=0 costs=0.32 profit=-0.32 cash=1205.11 ; company_green_valley_farm:closed emp=3 vac=0 wage=15.52 cap=10 util=0.06 out=8 rev=7.04 costs=46.56 profit=-39.52 cash=-267.9
184,22,7,3,1.786,1.46,0,10.289,84.209,1,2,2,company_grain_farm_region_green_valley_t177:A emp=1 vac=0 wage=8.33 cap=1 util=0.95 out=0 rev=0 costs=8.33 profit=-8.33 cash=-45.16 ; company_grain_farm_region_green_valley_t67:A emp=1 vac=0 wage=0.31 cap=1 util=0.32 out=0 rev=0 costs=0.31 profit=-0.31 cash=1204.8 ; company_green_valley_farm:closed emp=3 vac=0 wage=15.52 cap=10 util=0.06 out=8 rev=7.04 costs=46.56 profit=-39.52 cash=-267.9
185,22,7,2,1.786,1.5,0,7.089,77.12,1,2,1,company_grain_farm_region_green_valley_t177:A emp=0 vac=0 wage=8.08 cap=1 util=1 out=0 rev=0 costs=8.08 profit=-8.08 cash=-53.24 ; company_grain_farm_region_green_valley_t67:A emp=1 vac=0 wage=0.3 cap=1 util=0.395 out=0 rev=0 costs=0.3 profit=-0.3 cash=1204.5 ; company_green_valley_farm:closed emp=3 vac=0 wage=15.52 cap=10 util=0.06 out=8 rev=7.04 costs=46.56 profit=-39.52 cash=-267.9
186,22,7,2,1.786,1.54,0,6.9,70.22,1,2,1,company_grain_farm_region_green_valley_t177:A emp=0 vac=0 wage=7.84 cap=1 util=1 out=0 rev=0 costs=0 profit=0 cash=-53.24 ; company_grain_farm_region_green_valley_t67:A emp=1 vac=0 wage=0.29 cap=1 util=0.47 out=0 rev=0 costs=0.29 profit=-0.29 cash=1204.21 ; company_green_valley_farm:closed emp=3 vac=0 wage=15.52 cap=10 util=0.06 out=8 rev=7.04 costs=46.56 profit=-39.52 cash=-267.9
187,23,7,3,1.665,1.59,8,9.721,63.499,1,2,2,company_grain_farm_region_green_valley_t177:A emp=1 vac=0 wage=7.6 cap=1 util=1 out=8 rev=4.62 costs=7.6 profit=-2.98 cash=-56.22 ; company_grain_farm_region_green_valley_t67:A emp=1 vac=0 wage=0.28 cap=1 util=0.545 out=0 rev=0 costs=0.28 profit=-0.28 cash=1203.93 ; company_green_valley_farm:closed emp=3 vac=0 wage=15.52 cap=10 util=0.06 out=8 rev=7.04 costs=46.56 profit=-39.52 cash=-267.9
188,23,7,3,1.665,1.54,8,9.509,61.99,1,2,2,company_grain_farm_region_green_valley_t177:A emp=1 vac=0 wage=7.37 cap=1 util=1 out=8 rev=12.72 costs=7.37 profit=5.35 cash=-50.87 ; company_grain_farm_region_green_valley_t67:A emp=1 vac=0 wage=0.27 cap=1 util=0.62 out=0 rev=0 costs=0.27 profit=-0.27 cash=1203.66 ; company_green_valley_farm:closed emp=3 vac=0 wage=15.52 cap=10 util=0.06 out=8 rev=7.04 costs=46.56 profit=-39.52 cash=-267.9
189,23,7,2,1.665,1.49,0,6.721,55.269,1,2,1,company_grain_farm_region_green_valley_t177:A emp=0 vac=0 wage=7.15 cap=1 util=1 out=0 rev=0 costs=7.15 profit=-7.15 cash=-58.02 ; company_grain_farm_region_green_valley_t67:A emp=1 vac=0 wage=0.26 cap=1 util=0.695 out=0 rev=0 costs=0.26 profit=-0.26 cash=1203.4 ; company_green_valley_farm:closed emp=3 vac=0 wage=15.52 cap=10 util=0.06 out=8 rev=7.04 costs=46.56 profit=-39.52 cash=-267.9
190,23,7,2,1.665,1.45,0,6.946,48.323,1,2,1,company_grain_farm_region_green_valley_t177:A emp=0 vac=0 wage=6.94 cap=1 util=1 out=0 rev=0 costs=0 profit=0 cash=-58.02 ; company_grain_farm_region_green_valley_t67:A emp=1 vac=0 wage=0.25 cap=1 util=0.77 out=0 rev=0 costs=0.25 profit=-0.25 cash=1203.15 ; company_green_valley_farm:closed emp=3 vac=0 wage=15.52 cap=10 util=0.06 out=8 rev=7.04 costs=46.56 profit=-39.52 cash=-267.9
191,23,7,3,1.627,1.41,16,10.138,54.185,1,2,2,company_grain_farm_region_green_valley_t177:A emp=1 vac=0 wage=6.73 cap=1 util=1 out=8 rev=11.6 costs=6.73 profit=4.87 cash=-53.15 ; company_grain_farm_region_green_valley_t67:A emp=1 vac=0 wage=0.24 cap=1.25 util=0.845 out=8 rev=11.6 costs=0.24 profit=11.36 cash=1114.51 ; company_green_valley_farm:closed emp=3 vac=0 wage=15.52 cap=10 util=0.06 out=8 rev=7.04 costs=46.56 profit=-39.52 cash=-267.9
192,23,7,4,1.622,1.37,16,10.504,59.681,1,2,3,company_grain_farm_region_green_valley_t177:A emp=1 vac=0 wage=6.53 cap=1 util=1 out=8 rev=11.28 costs=6.53 profit=4.75 cash=-48.4 ; company_grain_farm_region_green_valley_t67:A emp=2 vac=0 wage=0.23 cap=1.25 util=0.92 out=8 rev=11.28 costs=0.46 profit=10.82 cash=1125.33 ; company_green_valley_farm:closed emp=3 vac=0 wage=15.52 cap=10 util=0.06 out=8 rev=7.04 costs=46.56 profit=-39.52 cash=-267.9
193,22,7,3,1.696,1.33,8,7.723,59.959,1,2,2,company_grain_farm_region_green_valley_t177:A emp=0 vac=0 wage=6.33 cap=1 util=1 out=0 rev=0 costs=6.33 profit=-6.33 cash=-54.73 ; company_grain_farm_region_green_valley_t67:A emp=2 vac=0 wage=0.22 cap=1.25 util=0.995 out=8 rev=10.96 costs=0.44 profit=10.52 cash=1135.85 ; company_green_valley_farm:closed emp=3 vac=0 wage=15.52 cap=10 util=0.06 out=8 rev=7.04 costs=46.56 profit=-39.52 cash=-267.9
194,21,6,2,1.763,1.29,8,7.737,60.222,1,2,2,company_grain_farm_region_green_valley_t177:A emp=0 vac=0 wage=6.14 cap=1 util=1 out=0 rev=0 costs=0 profit=0 cash=-54.73 ; company_grain_farm_region_green_valley_t67:A emp=2 vac=0 wage=0.21 cap=1.25 util=1 out=8 rev=10.64 costs=0.42 profit=10.22 cash=1146.07 ; company_green_valley_farm:closed emp=3 vac=0 wage=15.52 cap=10 util=0.06 out=8 rev=7.04 costs=46.56 profit=-39.52 cash=-267.9
195,21,6,3,1.726,1.25,16,10.977,65.245,1,2,3,company_grain_farm_region_green_valley_t177:A emp=1 vac=0 wage=5.96 cap=1 util=1 out=8 rev=10.32 costs=5.96 profit=4.36 cash=-50.37 ; company_grain_farm_region_green_valley_t67:A emp=2 vac=0 wage=0.2 cap=1.25 util=1 out=8 rev=10.32 costs=0.4 profit=9.92 cash=1155.99 ; company_green_valley_farm:closed emp=3 vac=0 wage=15.52 cap=10 util=0.06 out=8 rev=7.04 costs=46.56 profit=-39.52 cash=-267.9
196,21,6,3,1.726,1.21,16,11.232,70.013,1,2,3,company_grain_farm_region_green_valley_t177:A emp=1 vac=0 wage=5.78 cap=1 util=1 out=8 rev=10 costs=5.78 profit=4.22 cash=-46.15 ; company_grain_farm_region_green_valley_t67:A emp=2 vac=0 wage=0.19 cap=1.25 util=1 out=8 rev=10 costs=0.38 profit=9.62 cash=1165.61 ; company_green_valley_farm:closed emp=3 vac=0 wage=15.52 cap=10 util=0.06 out=8 rev=7.04 costs=46.56 profit=-39.52 cash=-267.9
197,21,6,2,1.726,1.17,8,8.504,69.509,1,2,2,company_grain_farm_region_green_valley_t177:A emp=0 vac=0 wage=5.61 cap=1 util=0.925 out=0 rev=0 costs=5.61 profit=-5.61 cash=-51.76 ; company_grain_farm_region_green_valley_t67:A emp=2 vac=0 wage=0.18 cap=1.25 util=0.925 out=8 rev=9.68 costs=0.36 profit=9.32 cash=1174.93 ; company_green_valley_farm:closed emp=3 vac=0 wage=15.52 cap=10 util=0.06 out=8 rev=7.04 costs=46.56 profit=-39.52 cash=-267.9
198,21,6,2,1.726,1.13,8,8.795,68.714,1,2,2,company_grain_farm_region_green_valley_t177:A emp=0 vac=0 wage=5.44 cap=1 util=0.85 out=0 rev=0 costs=0 profit=0 cash=-51.76 ; company_grain_farm_region_green_valley_t67:A emp=2 vac=0 wage=0.17 cap=1.25 util=0.85 out=8 rev=9.36 costs=0.34 profit=9.02 cash=1183.95 ; company_green_valley_farm:closed emp=3 vac=0 wage=15.52 cap=10 util=0.06 out=8 rev=7.04 costs=46.56 profit=-39.52 cash=-267.9
199,21,6,2,1.694,1.1,0,9.106,59.608,1,3,2,company_grain_farm_region_green_valley_t177:A emp=1 vac=0 wage=5.28 cap=1 util=0.775 out=0 rev=0 costs=5.28 profit=-5.28 cash=-57.04 ; company_grain_farm_region_green_valley_t198:A emp=0 vac=0 wage=10 cap=1 util=0.5 out=0 rev=0 costs=0 profit=0 cash=0 ; company_grain_farm_region_green_valley_t67:A emp=1 vac=0 wage=0.16 cap=1.25 util=0.775 out=0 rev=0 costs=0.32 profit=-0.32 cash=1183.63 ; company_green_valley_farm:closed emp=3 vac=0 wage=15.52 cap=10 util=0.06 out=8 rev=7.04 costs=46.56 profit=-39.52 cash=-267.9
200,21,6,3,1.904,1.07,0,12.264,47.344,1,3,3,company_grain_farm_region_green_valley_t177:A emp=1 vac=0 wage=5.12 cap=1 util=0.7 out=0 rev=0 costs=5.12 profit=-5.12 cash=-62.16 ; company_grain_farm_region_green_valley_t198:A emp=1 vac=0 wage=9.7 cap=1 util=0.45 out=0 rev=0 costs=9.7 profit=-9.7 cash=-9.7 ; company_grain_farm_region_green_valley_t67:A emp=1 vac=0 wage=0.16 cap=1.25 util=0.7 out=0 rev=0 costs=0.16 profit=-0.16 cash=1183.47 ; company_green_valley_farm:closed emp=3 vac=0 wage=15.52 cap=10 util=0.06 out=8 rev=7.04 costs=46.56 profit=-39.52 cash=-267.9
201,21,6,2,1.904,1.04,0,9.271,38.073,1,3,2,company_grain_farm_region_green_valley_t177:A emp=0 vac=0 wage=4.97 cap=1 util=0.625 out=0 rev=0 costs=4.97 profit=-4.97 cash=-67.13 ; company_grain_farm_region_green_valley_t198:A emp=1 vac=0 wage=9.41 cap=1 util=0.375 out=0 rev=0 costs=9.41 profit=-9.41 cash=-19.11 ; company_grain_farm_region_green_valley_t67:A emp=1 vac=0 wage=0.16 cap=1.25 util=0.625 out=0 rev=0 costs=0.16 profit=-0.16 cash=1183.31 ; company_green_valley_farm:closed emp=3 vac=0 wage=15.52 cap=10 util=0.06 out=8 rev=7.04 costs=46.56 profit=-39.52 cash=-267.9
202,21,6,1,1.904,1.01,0,9,29.073,1,3,1,company_grain_farm_region_green_valley_t177:A emp=0 vac=0 wage=4.82 cap=0.8 util=0.55 out=0 rev=0 costs=0 profit=0 cash=-67.13 ; company_grain_farm_region_green_valley_t198:A emp=0 vac=0 wage=9.13 cap=0.8 util=0.3 out=0 rev=0 costs=9.13 profit=-9.13 cash=-28.24 ; company_grain_farm_region_green_valley_t67:A emp=1 vac=0 wage=0.16 cap=1 util=0.55 out=0 rev=0 costs=0.16 profit=-0.16 cash=1183.15 ; company_green_valley_farm:closed emp=3 vac=0 wage=15.52 cap=10 util=0.06 out=8 rev=7.04 costs=46.56 profit=-39.52 cash=-267.9
203,21,6,2,1.665,1.04,0,12,17.073,1,3,2,company_grain_farm_region_green_valley_t177:A emp=1 vac=0 wage=4.68 cap=0.8 util=0.475 out=0 rev=0 costs=4.68 profit=-4.68 cash=-71.81 ; company_grain_farm_region_green_valley_t198:A emp=0 vac=0 wage=8.86 cap=0.8 util=0.225 out=0 rev=0 costs=0 profit=0 cash=-28.24 ; company_grain_farm_region_green_valley_t67:A emp=1 vac=0 wage=0.16 cap=1 util=0.475 out=0 rev=0 costs=0.16 profit=-0.16 cash=1182.99 ; company_green_valley_farm:closed emp=3 vac=0 wage=15.52 cap=10 util=0.06 out=8 rev=7.04 costs=46.56 profit=-39.52 cash=-267.9
204,21,6,3,2.06,1.07,0,15,2.073,1,3,3,company_grain_farm_region_green_valley_t177:A emp=1 vac=0 wage=4.54 cap=0.8 util=0.4 out=0 rev=0 costs=4.54 profit=-4.54 cash=-76.35 ; company_grain_farm_region_green_valley_t198:A emp=1 vac=0 wage=8.59 cap=0.8 util=0.15 out=0 rev=0 costs=8.59 profit=-8.59 cash=-36.83 ; company_grain_farm_region_green_valley_t67:A emp=1 vac=0 wage=0.16 cap=1 util=0.4 out=0 rev=0 costs=0.16 profit=-0.16 cash=1182.83 ; company_green_valley_farm:closed emp=3 vac=0 wage=15.52 cap=10 util=0.06 out=8 rev=7.04 costs=46.56 profit=-39.52 cash=-267.9
205,21,5,2,2.06,1.1,0,12,0,1,3,2,company_grain_farm_region_green_valley_t177:A emp=0 vac=0 wage=4.4 cap=0.8 util=0.325 out=0 rev=0 costs=4.4 profit=-4.4 cash=-80.75 ; company_grain_farm_region_green_valley_t198:A emp=1 vac=0 wage=8.33 cap=0.8 util=0.075 out=0 rev=0 costs=8.33 profit=-8.33 cash=-45.16 ; company_grain_farm_region_green_valley_t67:A emp=1 vac=0 wage=0.16 cap=1 util=0.325 out=0 rev=0 costs=0.16 profit=-0.16 cash=1182.67 ; company_green_valley_farm:closed emp=3 vac=0 wage=15.52 cap=10 util=0.06 out=8 rev=7.04 costs=46.56 profit=-39.52 cash=-267.9
206,21,5,1,2.06,1.13,0,9,0,1,3,1,company_grain_farm_region_green_valley_t177:A emp=0 vac=0 wage=4.27 cap=0.8 util=0.25 out=0 rev=0 costs=0 profit=0 cash=-80.75 ; company_grain_farm_region_green_valley_t198:A emp=0 vac=0 wage=8.08 cap=0.8 util=0.025 out=0 rev=0 costs=8.08 profit=-8.08 cash=-53.24 ; company_grain_farm_region_green_valley_t67:A emp=1 vac=0 wage=0.16 cap=1 util=0.25 out=0 rev=0 costs=0.16 profit=-0.16 cash=1182.51 ; company_green_valley_farm:closed emp=3 vac=0 wage=15.52 cap=10 util=0.06 out=8 rev=7.04 costs=46.56 profit=-39.52 cash=-267.9
207,21,5,2,2.035,1.16,0,11.85,0,1,3,2,company_grain_farm_region_green_valley_t177:A emp=1 vac=0 wage=4.14 cap=0.8 util=0.175 out=0 rev=0 costs=4.14 profit=-4.14 cash=-84.89 ; company_grain_farm_region_green_valley_t198:A emp=0 vac=0 wage=7.84 cap=0.8 util=0.035 out=0 rev=0 costs=0 profit=0 cash=-53.24 ; company_grain_farm_region_green_valley_t67:A emp=1 vac=0 wage=0.16 cap=1 util=0.175 out=0 rev=0 costs=0.16 profit=-0.16 cash=1182.35 ; company_green_valley_farm:closed emp=3 vac=0 wage=15.52 cap=10 util=0.06 out=8 rev=7.04 costs=46.56 profit=-39.52 cash=-267.9
208,21,5,3,1.988,1.19,0,14.621,0,1,3,3,company_grain_farm_region_green_valley_t177:A emp=1 vac=0 wage=4.02 cap=0.6400000000000001 util=0.1 out=0 rev=0 costs=4.02 profit=-4.02 cash=-88.91 ; company_grain_farm_region_green_valley_t198:A emp=1 vac=0 wage=7.6 cap=0.6400000000000001 util=0.105 out=0 rev=0 costs=7.6 profit=-7.6 cash=-60.84 ; company_grain_farm_region_green_valley_t67:A emp=1 vac=0 wage=0.16 cap=0.8 util=0.1 out=0 rev=0 costs=0.16 profit=-0.16 cash=1182.19 ; company_green_valley_farm:closed emp=3 vac=0 wage=15.52 cap=10 util=0.06 out=8 rev=7.04 costs=46.56 profit=-39.52 cash=-267.9
209,21,5,2,1.988,1.23,0,11.403,0,1,3,2,company_grain_farm_region_green_valley_t177:A emp=0 vac=0 wage=3.9 cap=0.6400000000000001 util=0.025 out=0 rev=0 costs=3.9 profit=-3.9 cash=-92.81 ; company_grain_farm_region_green_valley_t198:A emp=1 vac=0 wage=7.37 cap=0.6400000000000001 util=0.18 out=0 rev=0 costs=7.37 profit=-7.37 cash=-68.21 ; company_grain_farm_region_green_valley_t67:A emp=1 vac=0 wage=0.16 cap=0.8 util=0.025 out=0 rev=0 costs=0.16 profit=-0.16 cash=1182.03 ; company_green_valley_farm:closed emp=3 vac=0 wage=15.52 cap=10 util=0.06 out=8 rev=7.04 costs=46.56 profit=-39.52 cash=-267.9
210,21,5,0,1.988,1.23,0,0,0,1,3,0,company_grain_farm_region_green_valley_t177:A emp=0 vac=0 wage=3.78 cap=0.6400000000000001 util=0 out=0 rev=0 costs=0 profit=0 cash=-92.81 ; company_grain_farm_region_green_valley_t198:A emp=0 vac=0 wage=7.15 cap=0.6400000000000001 util=0.255 out=0 rev=0 costs=7.15 profit=-7.15 cash=-75.36 ; company_grain_farm_region_green_valley_t67:A emp=0 vac=0 wage=0.16 cap=0.8 util=0 out=0 rev=0 costs=0.16 profit=-0.16 cash=1181.87 ; company_green_valley_farm:closed emp=3 vac=0 wage=15.52 cap=10 util=0.06 out=8 rev=7.04 costs=46.56 profit=-39.52 cash=-267.9
211,21,6,0,1.988,1.23,0,0,0,1,3,0,company_grain_farm_region_green_valley_t177:A emp=0 vac=0 wage=3.67 cap=0.6400000000000001 util=0 out=0 rev=0 costs=0 profit=0 cash=-92.81 ; company_grain_farm_region_green_valley_t198:A emp=0 vac=0 wage=6.94 cap=0.6400000000000001 util=0.33 out=0 rev=0 costs=0 profit=0 cash=-75.36 ; company_grain_farm_region_green_valley_t67:A emp=0 vac=0 wage=0.16 cap=0.8 util=0 out=0 rev=0 costs=0 profit=0 cash=1181.87 ; company_green_valley_farm:closed emp=3 vac=0 wage=15.52 cap=10 util=0.06 out=8 rev=7.04 costs=46.56 profit=-39.52 cash=-267.9
212,21,6,1,2.111,1.27,0,3,0,1,3,1,company_grain_farm_region_green_valley_t177:A emp=0 vac=0 wage=3.56 cap=0.6400000000000001 util=0 out=0 rev=0 costs=0 profit=0 cash=-92.81 ; company_grain_farm_region_green_valley_t198:A emp=1 vac=0 wage=6.73 cap=0.6400000000000001 util=0.405 out=0 rev=0 costs=6.73 profit=-6.73 cash=-82.09 ; company_grain_farm_region_green_valley_t67:A emp=0 vac=0 wage=0.16 cap=0.8 util=0 out=0 rev=0 costs=0 profit=0 cash=1181.87 ; company_green_valley_farm:closed emp=3 vac=0 wage=15.52 cap=10 util=0.06 out=8 rev=7.04 costs=46.56 profit=-39.52 cash=-267.9
213,21,6,2,1.757,1.31,0,3.126,0,1,3,2,company_grain_farm_region_green_valley_t177:A emp=0 vac=0 wage=3.45 cap=0.6400000000000001 util=0 out=0 rev=0 costs=0 profit=0 cash=-92.81 ; company_grain_farm_region_green_valley_t198:A emp=1 vac=0 wage=6.53 cap=0.6400000000000001 util=0.48 out=0 rev=0 costs=6.53 profit=-6.53 cash=-88.62 ; company_grain_farm_region_green_valley_t67:A emp=1 vac=0 wage=0.16 cap=0.8 util=0.04 out=0 rev=0 costs=0.16 profit=-0.16 cash=1181.71 ; company_green_valley_farm:closed emp=3 vac=0 wage=15.52 cap=10 util=0.06 out=8 rev=7.04 costs=46.56 profit=-39.52 cash=-267.9
214,22,6,1,1.677,1.35,0,0.122,0,1,3,1,company_grain_farm_region_green_valley_t177:A emp=0 vac=0 wage=3.35 cap=0.5120000000000001 util=0 out=0 rev=0 costs=0 profit=0 cash=-92.81 ; company_grain_farm_region_green_valley_t198:A emp=0 vac=0 wage=6.33 cap=0.6400000000000001 util=0.555 out=0 rev=0 costs=6.33 profit=-6.33 cash=-94.95 ; company_grain_farm_region_green_valley_t67:A emp=1 vac=0 wage=0.16 cap=0.6400000000000001 util=0.115 out=0 rev=0 costs=0.16 profit=-0.16 cash=1181.55 ; company_green_valley_farm:closed emp=3 vac=0 wage=15.52 cap=10 util=0.06 out=8 rev=7.04 costs=46.56 profit=-39.52 cash=-267.9
215,22,6,1,1.677,1.39,0,0.119,0,1,3,1,company_grain_farm_region_green_valley_t177:A emp=0 vac=0 wage=3.25 cap=0.5120000000000001 util=0 out=0 rev=0 costs=0 profit=0 cash=-92.81 ; company_grain_farm_region_green_valley_t198:A emp=0 vac=0 wage=6.14 cap=0.6400000000000001 util=0.63 out=0 rev=0 costs=0 profit=0 cash=-94.95 ; company_grain_farm_region_green_valley_t67:A emp=1 vac=0 wage=0.16 cap=0.6400000000000001 util=0.19 out=0 rev=0 costs=0.16 profit=-0.16 cash=1181.39 ; company_green_valley_farm:closed emp=3 vac=0 wage=15.52 cap=10 util=0.06 out=8 rev=7.04 costs=46.56 profit=-39.52 cash=-267.9
216,22,6,2,1.642,1.43,0,3.115,0,1,3,2,company_grain_farm_region_green_valley_t177:A emp=0 vac=0 wage=3.15 cap=0.5120000000000001 util=0 out=0 rev=0 costs=0 profit=0 cash=-92.81 ; company_grain_farm_region_green_valley_t198:A emp=1 vac=0 wage=5.96 cap=0.6400000000000001 util=0.705 out=0 rev=0 costs=5.96 profit=-5.96 cash=-100.91 ; company_grain_farm_region_green_valley_t67:A emp=1 vac=0 wage=0.16 cap=0.6400000000000001 util=0.265 out=0 rev=0 costs=0.16 profit=-0.16 cash=1181.23 ; company_green_valley_farm:closed emp=3 vac=0 wage=15.52 cap=10 util=0.06 out=8 rev=7.04 costs=46.56 profit=-39.52 cash=-267.9
217,22,6,2,1.642,1.47,0,3.112,0,1,3,2,company_grain_farm_region_green_valley_t177:A emp=0 vac=0 wage=3.06 cap=0.5120000000000001 util=0 out=0 rev=0 costs=0 profit=0 cash=-92.81 ; company_grain_farm_region_green_valley_t198:A emp=1 vac=0 wage=5.78 cap=0.6400000000000001 util=0.78 out=0 rev=0 costs=5.78 profit=-5.78 cash=-106.69 ; company_grain_farm_region_green_valley_t67:A emp=1 vac=0 wage=0.16 cap=0.6400000000000001 util=0.34 out=0 rev=0 costs=0.16 profit=-0.16 cash=1181.07 ; company_green_valley_farm:closed emp=3 vac=0 wage=15.52 cap=10 util=0.06 out=8 rev=7.04 costs=46.56 profit=-39.52 cash=-267.9
218,22,6,1,1.642,1.51,0,0.109,0,1,3,1,company_grain_farm_region_green_valley_t177:A emp=0 vac=0 wage=2.97 cap=0.5120000000000001 util=0 out=0 rev=0 costs=0 profit=0 cash=-92.81 ; company_grain_farm_region_green_valley_t198:A emp=0 vac=0 wage=5.61 cap=0.6400000000000001 util=0.855 out=0 rev=0 costs=5.61 profit=-5.61 cash=-112.3 ; company_grain_farm_region_green_valley_t67:A emp=1 vac=0 wage=0.16 cap=0.6400000000000001 util=0.415 out=0 rev=0 costs=0.16 profit=-0.16 cash=1180.91 ; company_green_valley_farm:closed emp=3 vac=0 wage=15.52 cap=10 util=0.06 out=8 rev=7.04 costs=46.56 profit=-39.52 cash=-267.9
219,23,6,1,1.57,1.56,0,0.106,0,1,3,1,company_grain_farm_region_green_valley_t177:A emp=0 vac=0 wage=2.88 cap=0.5120000000000001 util=0 out=0 rev=0 costs=0 profit=0 cash=-92.81 ; company_grain_farm_region_green_valley_t198:A emp=0 vac=0 wage=5.44 cap=0.6400000000000001 util=0.93 out=0 rev=0 costs=0 profit=0 cash=-112.3 ; company_grain_farm_region_green_valley_t67:A emp=1 vac=0 wage=0.16 cap=0.6400000000000001 util=0.49 out=0 rev=0 costs=0.16 profit=-0.16 cash=1180.75 ; company_green_valley_farm:closed emp=3 vac=0 wage=15.52 cap=10 util=0.06 out=8 rev=7.04 costs=46.56 profit=-39.52 cash=-267.9
220,23,6,2,1.541,1.61,0,3.103,0,1,3,2,company_grain_farm_region_green_valley_t177:A emp=0 vac=0 wage=2.79 cap=0.40960000000000013 util=0 out=0 rev=0 costs=0 profit=0 cash=-92.81 ; company_grain_farm_region_green_valley_t198:A emp=1 vac=0 wage=5.28 cap=0.6400000000000001 util=1 out=0 rev=0 costs=5.28 profit=-5.28 cash=-117.58 ; company_grain_farm_region_green_valley_t67:A emp=1 vac=0 wage=0.16 cap=0.6400000000000001 util=0.565 out=0 rev=0 costs=0.16 profit=-0.16 cash=1180.59 ; company_green_valley_farm:closed emp=3 vac=0 wage=15.52 cap=10 util=0.06 out=8 rev=7.04 costs=46.56 profit=-39.52 cash=-267.9
221,23,7,2,1.8,1.66,0,3.099,0,1,3,2,company_grain_farm_region_green_valley_t177:A emp=0 vac=0 wage=2.71 cap=0.40960000000000013 util=0 out=0 rev=0 costs=0 profit=0 cash=-92.81 ; company_grain_farm_region_green_valley_t198:A emp=1 vac=0 wage=5.12 cap=0.6400000000000001 util=1 out=0 rev=0 costs=5.12 profit=-5.12 cash=-122.7 ; company_grain_farm_region_green_valley_t67:A emp=1 vac=0 wage=0.16 cap=0.8000000000000002 util=0.64 out=0 rev=0 costs=0.16 profit=-0.16 cash=1080.43 ; company_green_valley_farm:closed emp=3 vac=0 wage=15.52 cap=10 util=0.06 out=8 rev=7.04 costs=46.56 profit=-39.52 cash=-267.9
222,23,7,1,1.8,1.71,0,0.096,0,1,3,1,company_grain_farm_region_green_valley_t177:A emp=0 vac=0 wage=2.63 cap=0.40960000000000013 util=0 out=0 rev=0 costs=0 profit=0 cash=-92.81 ; company_grain_farm_region_green_valley_t198:A emp=0 vac=0 wage=4.97 cap=0.6400000000000001 util=1 out=0 rev=0 costs=4.97 profit=-4.97 cash=-127.67 ; company_grain_farm_region_green_valley_t67:A emp=1 vac=0 wage=0.16 cap=0.8000000000000002 util=0.715 out=0 rev=0 costs=0.16 profit=-0.16 cash=1080.27 ; company_green_valley_farm:closed emp=3 vac=0 wage=15.52 cap=10 util=0.06 out=8 rev=7.04 costs=46.56 profit=-39.52 cash=-267.9
223,23,7,1,1.8,1.76,0,0.094,0,1,3,1,company_grain_farm_region_green_valley_t177:A emp=0 vac=0 wage=2.55 cap=0.40960000000000013 util=0 out=0 rev=0 costs=0 profit=0 cash=-92.81 ; company_grain_farm_region_green_valley_t198:A emp=0 vac=0 wage=4.82 cap=0.6400000000000001 util=1 out=0 rev=0 costs=0 profit=0 cash=-127.67 ; company_grain_farm_region_green_valley_t67:A emp=1 vac=0 wage=0.16 cap=0.8000000000000002 util=0.79 out=0 rev=0 costs=0.16 profit=-0.16 cash=1080.11 ; company_green_valley_farm:closed emp=3 vac=0 wage=15.52 cap=10 util=0.06 out=8 rev=7.04 costs=46.56 profit=-39.52 cash=-267.9
224,23,7,2,1.744,1.81,0,2.75,0,1,3,2,company_grain_farm_region_green_valley_t177:A emp=0 vac=0 wage=2.47 cap=0.40960000000000013 util=0 out=0 rev=0 costs=0 profit=0 cash=-92.81 ; company_grain_farm_region_green_valley_t198:A emp=1 vac=0 wage=4.68 cap=0.6400000000000001 util=1 out=0 rev=0 costs=4.68 profit=-4.68 cash=-132.35 ; company_grain_farm_region_green_valley_t67:A emp=1 vac=0 wage=0.16 cap=0.8000000000000002 util=0.865 out=0 rev=0 costs=0.16 profit=-0.16 cash=1079.95 ; company_green_valley_farm:closed emp=3 vac=0 wage=15.52 cap=10 util=0.06 out=8 rev=7.04 costs=46.56 profit=-39.52 cash=-267.9
225,23,7,2,1.948,1.86,0,2.674,0,1,3,2,company_grain_farm_region_green_valley_t177:A emp=0 vac=0 wage=2.4 cap=0.40960000000000013 util=0 out=0 rev=0 costs=0 profit=0 cash=-92.81 ; company_grain_farm_region_green_valley_t198:A emp=1 vac=0 wage=4.54 cap=0.6400000000000001 util=1 out=0 rev=0 costs=4.54 profit=-4.54 cash=-136.89 ; company_grain_farm_region_green_valley_t67:A emp=1 vac=0 wage=0.16 cap=0.8000000000000002 util=0.94 out=0 rev=0 costs=0.16 profit=-0.16 cash=1079.79 ; company_green_valley_farm:closed emp=3 vac=0 wage=15.52 cap=10 util=0.06 out=8 rev=7.04 costs=46.56 profit=-39.52 cash=-267.9
226,23,7,1,1.948,1.92,0,0.086,0,1,3,1,company_grain_farm_region_green_valley_t177:A emp=0 vac=0 wage=2.33 cap=0.32768000000000014 util=0 out=0 rev=0 costs=0 profit=0 cash=-92.81 ; company_grain_farm_region_green_valley_t198:A emp=0 vac=0 wage=4.4 cap=0.6400000000000001 util=1 out=0 rev=0 costs=4.4 profit=-4.4 cash=-141.29 ; company_grain_farm_region_green_valley_t67:A emp=1 vac=0 wage=0.16 cap=0.8000000000000002 util=1 out=0 rev=0 costs=0.16 profit=-0.16 cash=1079.63 ; company_green_valley_farm:closed emp=3 vac=0 wage=15.52 cap=10 util=0.06 out=8 rev=7.04 costs=46.56 profit=-39.52 cash=-267.9
227,23,7,1,1.948,1.98,0,0.083,0,1,3,1,company_grain_farm_region_green_valley_t177:A emp=0 vac=0 wage=2.26 cap=0.32768000000000014 util=0 out=0 rev=0 costs=0 profit=0 cash=-92.81 ; company_grain_farm_region_green_valley_t198:A emp=0 vac=0 wage=4.27 cap=0.6400000000000001 util=1 out=0 rev=0 costs=0 profit=0 cash=-141.29 ; company_grain_farm_region_green_valley_t67:A emp=1 vac=0 wage=0.16 cap=0.8000000000000002 util=1 out=0 rev=0 costs=0.16 profit=-0.16 cash=1079.47 ; company_green_valley_farm:closed emp=3 vac=0 wage=15.52 cap=10 util=0.06 out=8 rev=7.04 costs=46.56 profit=-39.52 cash=-267.9
228,23,7,2,1.901,2.04,0,2.172,0,1,3,2,company_grain_farm_region_green_valley_t177:A emp=0 vac=0 wage=2.19 cap=0.32768000000000014 util=0 out=0 rev=0 costs=0 profit=0 cash=-92.81 ; company_grain_farm_region_green_valley_t198:A emp=1 vac=0 wage=4.14 cap=0.6400000000000001 util=1 out=0 rev=0 costs=4.14 profit=-4.14 cash=-145.43 ; company_grain_farm_region_green_valley_t67:A emp=1 vac=0 wage=0.16 cap=0.8000000000000002 util=1 out=0 rev=0 costs=0.16 profit=-0.16 cash=1079.31 ; company_green_valley_farm:closed emp=3 vac=0 wage=15.52 cap=10 util=0.06 out=8 rev=7.04 costs=46.56 profit=-39.52 cash=-267.9
229,23,7,2,1.901,2.1,0,2.108,0,1,3,2,company_grain_farm_region_green_valley_t177:A emp=0 vac=0 wage=2.12 cap=0.32768000000000014 util=0 out=0 rev=0 costs=0 profit=0 cash=-92.81 ; company_grain_farm_region_green_valley_t198:A emp=1 vac=0 wage=4.02 cap=0.6400000000000001 util=1 out=0 rev=0 costs=4.02 profit=-4.02 cash=-149.45 ; company_grain_farm_region_green_valley_t67:A emp=1 vac=0 wage=0.16 cap=0.8000000000000002 util=1 out=0 rev=0 costs=0.16 profit=-0.16 cash=1079.15 ; company_green_valley_farm:closed emp=3 vac=0 wage=15.52 cap=10 util=0.06 out=8 rev=7.04 costs=46.56 profit=-39.52 cash=-267.9
230,23,7,1,1.901,2.16,0,0.076,0,1,3,1,company_grain_farm_region_green_valley_t177:A emp=0 vac=0 wage=2.06 cap=0.32768000000000014 util=0 out=0 rev=0 costs=0 profit=0 cash=-92.81 ; company_grain_farm_region_green_valley_t198:A emp=0 vac=0 wage=3.9 cap=0.6400000000000001 util=1 out=0 rev=0 costs=3.9 profit=-3.9 cash=-153.35 ; company_grain_farm_region_green_valley_t67:A emp=1 vac=0 wage=0.16 cap=0.8000000000000002 util=1 out=0 rev=0 costs=0.16 profit=-0.16 cash=1078.99 ; company_green_valley_farm:closed emp=3 vac=0 wage=15.52 cap=10 util=0.06 out=8 rev=7.04 costs=46.56 profit=-39.52 cash=-267.9
231,23,7,1,1.901,2.22,0,0.074,0,1,3,1,company_grain_farm_region_green_valley_t177:A emp=0 vac=0 wage=2 cap=0.32768000000000014 util=0 out=0 rev=0 costs=0 profit=0 cash=-92.81 ; company_grain_farm_region_green_valley_t198:A emp=0 vac=0 wage=3.78 cap=0.6400000000000001 util=1 out=0 rev=0 costs=0 profit=0 cash=-153.35 ; company_grain_farm_region_green_valley_t67:A emp=1 vac=0 wage=0.16 cap=0.8000000000000002 util=1 out=0 rev=0 costs=0.16 profit=-0.16 cash=1078.83 ; company_green_valley_farm:closed emp=3 vac=0 wage=15.52 cap=10 util=0.06 out=8 rev=7.04 costs=46.56 profit=-39.52 cash=-267.9
232,23,7,2,1.86,2.29,0,1.725,0,1,3,2,company_grain_farm_region_green_valley_t177:A emp=0 vac=0 wage=1.94 cap=0.2621440000000001 util=0 out=0 rev=0 costs=0 profit=0 cash=-92.81 ; company_grain_farm_region_green_valley_t198:A emp=1 vac=0 wage=3.67 cap=0.6400000000000001 util=1 out=0 rev=0 costs=3.67 profit=-3.67 cash=-157.02 ; company_grain_farm_region_green_valley_t67:A emp=1 vac=0 wage=0.16 cap=0.8000000000000002 util=1 out=0 rev=0 costs=0.16 profit=-0.16 cash=1078.67 ; company_green_valley_farm:closed emp=3 vac=0 wage=15.52 cap=10 util=0.06 out=8 rev=7.04 costs=46.56 profit=-39.52 cash=-267.9
233,23,7,2,1.86,2.36,8,1.672,6.328,1,3,2,company_grain_farm_region_green_valley_t177:A emp=0 vac=0 wage=1.88 cap=0.2621440000000001 util=0 out=0 rev=0 costs=0 profit=0 cash=-92.81 ; company_grain_farm_region_green_valley_t198:A emp=1 vac=0 wage=3.56 cap=0.6400000000000001 util=1 out=0 rev=0 costs=3.56 profit=-3.56 cash=-160.58 ; company_grain_farm_region_green_valley_t67:A emp=1 vac=0 wage=0.16 cap=1.0000000000000002 util=1 out=8 rev=18.32 costs=0.16 profit=18.16 cash=996.83 ; company_green_valley_farm:closed emp=3 vac=0 wage=15.52 cap=10 util=0.06 out=8 rev=7.04 costs=46.56 profit=-39.52 cash=-267.9
234,23,7,2,1.555,2.29,8,0.136,14.192,1,3,2,company_grain_farm_region_green_valley_t177:A emp=0 vac=0 wage=1.82 cap=0.2621440000000001 util=0 out=0 rev=0 costs=0 profit=0 cash=-92.81 ; company_grain_farm_region_green_valley_t198:A emp=0 vac=0 wage=3.45 cap=0.6400000000000001 util=1 out=0 rev=0 costs=3.45 profit=-3.45 cash=-164.03 ; company_grain_farm_region_green_valley_t67:A emp=2 vac=0 wage=0.16 cap=1.0000000000000002 util=1 out=8 rev=18.88 costs=0.32 profit=18.56 cash=1015.39 ; company_green_valley_farm:closed emp=3 vac=0 wage=15.52 cap=10 util=0.06 out=8 rev=7.04 costs=46.56 profit=-39.52 cash=-267.9
235,23,7,2,1.555,2.22,8,0.14,22.052,1,3,2,company_grain_farm_region_green_valley_t177:A emp=0 vac=0 wage=1.77 cap=0.2621440000000001 util=0 out=0 rev=0 costs=0 profit=0 cash=-92.81 ; company_grain_farm_region_green_valley_t198:A emp=0 vac=0 wage=3.35 cap=0.6400000000000001 util=1 out=0 rev=0 costs=0 profit=0 cash=-164.03 ; company_grain_farm_region_green_valley_t67:A emp=2 vac=0 wage=0.16 cap=1.0000000000000002 util=1 out=8 rev=18.32 costs=0.32 profit=18 cash=1033.39 ; company_green_valley_farm:closed emp=3 vac=0 wage=15.52 cap=10 util=0.06 out=8 rev=7.04 costs=46.56 profit=-39.52 cash=-267.9
236,23,7,3,1.689,2.15,8,1.608,28.444,1,3,3,company_grain_farm_region_green_valley_t177:A emp=0 vac=0 wage=1.72 cap=0.2621440000000001 util=0 out=0 rev=0 costs=0 profit=0 cash=-92.81 ; company_grain_farm_region_green_valley_t198:A emp=1 vac=0 wage=3.25 cap=0.6400000000000001 util=1 out=0 rev=0 costs=3.25 profit=-3.25 cash=-167.28 ; company_grain_farm_region_green_valley_t67:A emp=2 vac=0 wage=0.16 cap=1.0000000000000002 util=1 out=8 rev=17.76 costs=0.32 profit=17.44 cash=1050.83 ; company_green_valley_farm:closed emp=3 vac=0 wage=15.52 cap=10 util=0.06 out=8 rev=7.04 costs=46.56 profit=-39.52 cash=-267.9
237,23,7,3,1.689,2.09,8,1.66,34.784,1,3,3,company_grain_farm_region_green_valley_t177:A emp=0 vac=0 wage=1.67 cap=0.2621440000000001 util=0 out=0 rev=0 costs=0 profit=0 cash=-92.81 ; company_grain_farm_region_green_valley_t198:A emp=1 vac=0 wage=3.15 cap=0.6400000000000001 util=1 out=0 rev=0 costs=3.15 profit=-3.15 cash=-170.43 ; company_grain_farm_region_green_valley_t67:A emp=2 vac=0 wage=0.16 cap=1.0000000000000002 util=1 out=8 rev=17.2 costs=0.32 profit=16.88 cash=1067.71 ; company_green_valley_farm:closed emp=3 vac=0 wage=15.52 cap=10 util=0.06 out=8 rev=7.04 costs=46.56 profit=-39.52 cash=-267.9
238,23,7,2,1.689,2.03,8,0.892,41.891,1,3,2,company_grain_farm_region_green_valley_t177:A emp=0 vac=0 wage=1.62 cap=0.2097152000000001 util=0 out=0 rev=0 costs=0 profit=0 cash=-92.81 ; company_grain_farm_region_green_valley_t198:A emp=0 vac=0 wage=3.06 cap=0.6400000000000001 util=1 out=0 rev=0 costs=3.06 profit=-3.06 cash=-173.49 ; company_grain_farm_region_green_valley_t67:A emp=2 vac=0 wage=0.16 cap=1.0000000000000002 util=1 out=8 rev=16.72 costs=0.32 profit=16.4 cash=1084.11 ; company_green_valley_farm:closed emp=3 vac=0 wage=15.52 cap=10 util=0.06 out=8 rev=7.04 costs=46.56 profit=-39.52 cash=-267.9
239,24,7,2,1.619,1.97,8,0.919,48.973,1,3,2,company_grain_farm_region_green_valley_t177:A emp=0 vac=0 wage=1.57 cap=0.2097152000000001 util=0 out=0 rev=0 costs=0 profit=0 cash=-92.81 ; company_grain_farm_region_green_valley_t198:A emp=0 vac=0 wage=2.97 cap=0.6400000000000001 util=1 out=0 rev=0 costs=0 profit=0 cash=-173.49 ; company_grain_farm_region_green_valley_t67:A emp=2 vac=0 wage=0.16 cap=1.0000000000000002 util=1 out=8 rev=16.24 costs=0.32 profit=15.92 cash=1100.03 ; company_green_valley_farm:closed emp=3 vac=0 wage=15.52 cap=10 util=0.06 out=8 rev=7.04 costs=46.56 profit=-39.52 cash=-267.9
240,24,7,3,1.668,1.91,8,2.409,54.564,1,3,3,company_grain_farm_region_green_valley_t177:A emp=0 vac=0 wage=1.52 cap=0.2097152000000001 util=0 out=0 rev=0 costs=0 profit=0 cash=-92.81 ; company_grain_farm_region_green_valley_t198:A emp=1 vac=0 wage=2.88 cap=0.6400000000000001 util=1 out=0 rev=0 costs=2.88 profit=-2.88 cash=-176.37 ; company_grain_farm_region_green_valley_t67:A emp=2 vac=0 wage=0.16 cap=1.0000000000000002 util=1 out=8 rev=15.76 costs=0.32 profit=15.44 cash=1115.47 ; company_green_valley_farm:closed emp=3 vac=0 wage=15.52 cap=10 util=0.06 out=8 rev=7.04 costs=46.56 profit=-39.52 cash=-267.9
241,23,7,3,1.74,1.85,8,2.484,60.08,1,3,3,company_grain_farm_region_green_valley_t177:A emp=0 vac=0 wage=1.47 cap=0.2097152000000001 util=0 out=0 rev=0 costs=0 profit=0 cash=-92.81 ; company_grain_farm_region_green_valley_t198:A emp=1 vac=0 wage=2.79 cap=0.6400000000000001 util=1 out=0 rev=0 costs=2.79 profit=-2.79 cash=-179.16 ; company_grain_farm_region_green_valley_t67:A emp=2 vac=0 wage=0.16 cap=1.0000000000000002 util=1 out=8 rev=15.28 costs=0.32 profit=14.96 cash=1130.43 ; company_green_valley_farm:closed emp=3 vac=0 wage=15.52 cap=10 util=0.06 out=8 rev=7.04 costs=46.56 profit=-39.52 cash=-267.9
242,23,7,2,1.74,1.79,8,1.326,66.754,1,3,2,company_grain_farm_region_green_valley_t177:A emp=0 vac=0 wage=1.43 cap=0.2097152000000001 util=0 out=0 rev=0 costs=0 profit=0 cash=-92.81 ; company_grain_farm_region_green_valley_t198:A emp=0 vac=0 wage=2.71 cap=0.6400000000000001 util=1 out=0 rev=0 costs=2.71 profit=-2.71 cash=-181.87 ; company_grain_farm_region_green_valley_t67:A emp=2 vac=0 wage=0.16 cap=1.0000000000000002 util=1 out=8 rev=14.8 costs=0.32 profit=14.48 cash=1144.91 ; company_green_valley_farm:closed emp=3 vac=0 wage=15.52 cap=10 util=0.06 out=8 rev=7.04 costs=46.56 profit=-39.52 cash=-267.9
243,23,7,2,1.74,1.74,8,1.37,73.384,1,3,2,company_grain_farm_region_green_valley_t177:A emp=0 vac=0 wage=1.39 cap=0.2097152000000001 util=0 out=0 rev=0 costs=0 profit=0 cash=-92.81 ; company_grain_farm_region_green_valley_t198:A emp=0 vac=0 wage=2.63 cap=0.6400000000000001 util=1 out=0 rev=0 costs=0 profit=0 cash=-181.87 ; company_grain_farm_region_green_valley_t67:A emp=2 vac=0 wage=0.16 cap=1.0000000000000002 util=1 out=8 rev=14.32 costs=0.32 profit=14 cash=1158.91 ; company_green_valley_farm:closed emp=3 vac=0 wage=15.52 cap=10 util=0.06 out=8 rev=7.04 costs=46.56 profit=-39.52 cash=-267.9
244,23,7,3,1.751,1.69,8,2.875,78.509,1,3,3,company_grain_farm_region_green_valley_t177:A emp=0 vac=0 wage=1.35 cap=0.1677721600000001 util=0 out=0 rev=0 costs=0 profit=0 cash=-92.81 ; company_grain_farm_region_green_valley_t198:A emp=1 vac=0 wage=2.55 cap=0.6400000000000001 util=1 out=0 rev=0 costs=2.55 profit=-2.55 cash=-184.42 ; company_grain_farm_region_green_valley_t67:A emp=2 vac=0 wage=0.16 cap=1.0000000000000002 util=1 out=8 rev=13.92 costs=0.32 profit=13.6 cash=1172.51 ; company_green_valley_farm:closed emp=3 vac=0 wage=15.52 cap=10 util=0.06 out=8 rev=7.04 costs=46.56 profit=-39.52 cash=-267.9
245,23,7,3,1.751,1.64,8,2.96,83.549,1,3,3,company_grain_farm_region_green_valley_t177:A emp=0 vac=0 wage=1.31 cap=0.1677721600000001 util=0 out=0 rev=0 costs=0 profit=0 cash=-92.81 ; company_grain_farm_region_green_valley_t198:A emp=1 vac=0 wage=2.47 cap=0.6400000000000001 util=1 out=0 rev=0 costs=2.47 profit=-2.47 cash=-186.89 ; company_grain_farm_region_green_valley_t67:A emp=2 vac=0 wage=0.16 cap=1.2500000000000002 util=1 out=8 rev=13.52 costs=0.32 profit=13.2 cash=1085.71 ; company_green_valley_farm:closed emp=3 vac=0 wage=15.52 cap=10 util=0.06 out=8 rev=7.04 costs=46.56 profit=-39.52 cash=-267.9
246,24,8,1,1.798,1.59,8,0.098,91.451,1,3,2,company_grain_farm_region_green_valley_t177:A emp=0 vac=0 wage=1.27 cap=0.1677721600000001 util=0 out=0 rev=0 costs=0 profit=0 cash=-92.81 ; company_grain_farm_region_green_valley_t198:A emp=0 vac=0 wage=2.4 cap=0.6400000000000001 util=1 out=0 rev=0 costs=2.4 profit=-2.4 cash=-189.29 ; company_grain_farm_region_green_valley_t67:A emp=2 vac=0 wage=0.16 cap=1.2500000000000002 util=1 out=8 rev=13.12 costs=0.32 profit=12.8 cash=1098.51 ; company_green_valley_farm:closed emp=3 vac=0 wage=15.52 cap=10 util=0.06 out=8 rev=7.04 costs=46.56 profit=-39.52 cash=-267.9
247,24,8,1,1.798,1.54,8,0.101,99.351,1,3,2,company_grain_farm_region_green_valley_t177:A emp=0 vac=0 wage=1.23 cap=0.1677721600000001 util=0 out=0 rev=0 costs=0 profit=0 cash=-92.81 ; company_grain_farm_region_green_valley_t198:A emp=0 vac=0 wage=2.33 cap=0.6400000000000001 util=1 out=0 rev=0 costs=0 profit=0 cash=-189.29 ; company_grain_farm_region_green_valley_t67:A emp=2 vac=0 wage=0.16 cap=1.2500000000000002 util=1 out=8 rev=12.72 costs=0.32 profit=12.4 cash=1110.91 ; company_green_valley_farm:closed emp=3 vac=0 wage=15.52 cap=10 util=0.06 out=8 rev=7.04 costs=46.56 profit=-39.52 cash=-267.9
248,24,8,2,1.791,1.49,8,1.571,105.779,1,3,3,company_grain_farm_region_green_valley_t177:A emp=0 vac=0 wage=1.19 cap=0.1677721600000001 util=0 out=0 rev=0 costs=0 profit=0 cash=-92.81 ; company_grain_farm_region_green_valley_t198:A emp=1 vac=0 wage=2.26 cap=0.6400000000000001 util=1 out=0 rev=0 costs=2.26 profit=-2.26 cash=-191.55 ; company_grain_farm_region_green_valley_t67:A emp=2 vac=0 wage=0.16 cap=1.2500000000000002 util=1 out=8 rev=12.32 costs=0.32 profit=12 cash=1122.91 ; company_green_valley_farm:closed emp=3 vac=0 wage=15.52 cap=10 util=0.06 out=8 rev=7.04 costs=46.56 profit=-39.52 cash=-267.9
249,25,8,2,1.719,1.45,8,1.624,112.155,1,3,3,company_grain_farm_region_green_valley_t177:A emp=0 vac=0 wage=1.15 cap=0.1677721600000001 util=0 out=0 rev=0 costs=0 profit=0 cash=-92.81 ; company_grain_farm_region_green_valley_t198:A emp=1 vac=0 wage=2.19 cap=0.6400000000000001 util=1 out=0 rev=0 costs=2.19 profit=-2.19 cash=-193.74 ; company_grain_farm_region_green_valley_t67:A emp=2 vac=0 wage=0.16 cap=1.2500000000000002 util=1 out=8 rev=11.92 costs=0.32 profit=11.6 cash=1134.51 ; company_green_valley_farm:closed emp=3 vac=0 wage=15.52 cap=10 util=0.06 out=8 rev=7.04 costs=46.56 profit=-39.52 cash=-267.9
250,25,8,1,1.719,1.41,8,0.11,120.045,1,3,2,company_grain_farm_region_green_valley_t177:A emp=0 vac=0 wage=1.12 cap=0.13421772800000006 util=0 out=0 rev=0 costs=0 profit=0 cash=-92.81 ; company_grain_farm_region_green_valley_t198:A emp=0 vac=0 wage=2.12 cap=0.6400000000000001 util=1 out=0 rev=0 costs=2.12 profit=-2.12 cash=-195.86 ; company_grain_farm_region_green_valley_t67:A emp=2 vac=0 wage=0.16 cap=1.2500000000000002 util=1 out=8 rev=11.6 costs=0.32 profit=11.28 cash=1145.79 ; company_green_valley_farm:closed emp=3 vac=0 wage=15.52 cap=10 util=0.06 out=8 rev=7.04 costs=46.56 profit=-39.52 cash=-267.9
251,25,8,1,1.719,1.37,8,0.113,127.931,1,3,2,company_grain_farm_region_green_valley_t177:A emp=0 vac=0 wage=1.09 cap=0.13421772800000006 util=0 out=0 rev=0 costs=0 profit=0 cash=-92.81 ; company_grain_farm_region_green_valley_t198:A emp=0 vac=0 wage=2.06 cap=0.6400000000000001 util=1 out=0 rev=0 costs=0 profit=0 cash=-195.86 ; company_grain_farm_region_green_valley_t67:A emp=2 vac=0 wage=0.16 cap=1.2500000000000002 util=1 out=8 rev=11.28 costs=0.32 profit=10.96 cash=1156.75 ; company_green_valley_farm:closed emp=3 vac=0 wage=15.52 cap=10 util=0.06 out=8 rev=7.04 costs=46.56 profit=-39.52 cash=-267.9
252,25,9,2,1.709,1.33,8,1.577,134.355,1,3,3,company_grain_farm_region_green_valley_t177:A emp=0 vac=0 wage=1.06 cap=0.13421772800000006 util=0 out=0 rev=0 costs=0 profit=0 cash=-92.81 ; company_grain_farm_region_green_valley_t198:A emp=1 vac=0 wage=2 cap=0.6400000000000001 util=1 out=0 rev=0 costs=2 profit=-2 cash=-197.86 ; company_grain_farm_region_green_valley_t67:A emp=2 vac=0 wage=0.16 cap=1.2500000000000002 util=1 out=8 rev=10.96 costs=0.32 profit=10.64 cash=1167.39 ; company_green_valley_farm:closed emp=3 vac=0 wage=15.52 cap=10 util=0.06 out=8 rev=7.04 costs=46.56 profit=-39.52 cash=-267.9
253,26,9,2,1.643,1.29,8,1.624,140.73,1,3,3,company_grain_farm_region_green_valley_t177:A emp=0 vac=0 wage=1.03 cap=0.13421772800000006 util=0 out=0 rev=0 costs=0 profit=0 cash=-92.81 ; company_grain_farm_region_green_valley_t198:A emp=1 vac=0 wage=1.94 cap=0.6400000000000001 util=1 out=0 rev=0 costs=1.94 profit=-1.94 cash=-199.8 ; company_grain_farm_region_green_valley_t67:A emp=2 vac=0 wage=0.16 cap=1.2500000000000002 util=1 out=8 rev=10.64 costs=0.32 profit=10.32 cash=1177.71 ; company_green_valley_farm:closed emp=3 vac=0 wage=15.52 cap=10 util=0.06 out=8 rev=7.04 costs=46.56 profit=-39.52 cash=-267.9
254,26,9,1,1.643,1.25,8,0.124,148.606,1,3,2,company_grain_farm_region_green_valley_t177:A emp=0 vac=0 wage=1 cap=0.13421772800000006 util=0 out=0 rev=0 costs=0 profit=0 cash=-92.81 ; company_grain_farm_region_green_valley_t198:A emp=0 vac=0 wage=1.88 cap=0.6400000000000001 util=1 out=0 rev=0 costs=1.88 profit=-1.88 cash=-201.68 ; company_grain_farm_region_green_valley_t67:A emp=2 vac=0 wage=0.16 cap=1.2500000000000002 util=1 out=8 rev=10.32 costs=0.32 profit=10 cash=1187.71 ; company_green_valley_farm:closed emp=3 vac=0 wage=15.52 cap=10 util=0.06 out=8 rev=7.04 costs=46.56 profit=-39.52 cash=-267.9
255,26,9,1,1.643,1.21,8,0.128,156.478,1,3,2,company_grain_farm_region_green_valley_t177:A emp=0 vac=0 wage=0.97 cap=0.13421772800000006 util=0 out=0 rev=0 costs=0 profit=0 cash=-92.81 ; company_grain_farm_region_green_valley_t198:A emp=0 vac=0 wage=1.82 cap=0.6400000000000001 util=1 out=0 rev=0 costs=0 profit=0 cash=-201.68 ; company_grain_farm_region_green_valley_t67:A emp=2 vac=0 wage=0.16 cap=1.2500000000000002 util=1 out=8 rev=10 costs=0.32 profit=9.68 cash=1197.39 ; company_green_valley_farm:closed emp=3 vac=0 wage=15.52 cap=10 util=0.06 out=8 rev=7.04 costs=46.56 profit=-39.52 cash=-267.9
256,26,9,2,1.634,1.17,8,1.595,162.883,1,3,3,company_grain_farm_region_green_valley_t177:A emp=0 vac=0 wage=0.94 cap=0.10737418240000006 util=0 out=0 rev=0 costs=0 profit=0 cash=-92.81 ; company_grain_farm_region_green_valley_t198:A emp=1 vac=0 wage=1.77 cap=0.6400000000000001 util=1 out=0 rev=0 costs=1.77 profit=-1.77 cash=-203.45 ; company_grain_farm_region_green_valley_t67:A emp=2 vac=0 wage=0.16 cap=1.2500000000000002 util=0.925 out=8 rev=9.68 costs=0.32 profit=9.36 cash=1206.75 ; company_green_valley_farm:closed emp=3 vac=0 wage=15.52 cap=10 util=0.06 out=8 rev=7.04 costs=46.56 profit=-39.52 cash=-267.9
257,26,9,2,1.634,1.13,8,1.65,169.234,1,3,3,company_grain_farm_region_green_valley_t177:A emp=0 vac=0 wage=0.91 cap=0.10737418240000006 util=0 out=0 rev=0 costs=0 profit=0 cash=-92.81 ; company_grain_farm_region_green_valley_t198:A emp=1 vac=0 wage=1.72 cap=0.6400000000000001 util=1 out=0 rev=0 costs=1.72 profit=-1.72 cash=-205.17 ; company_grain_farm_region_green_valley_t67:A emp=2 vac=0 wage=0.16 cap=1.2500000000000002 util=0.85 out=8 rev=9.36 costs=0.32 profit=9.04 cash=1215.79 ; company_green_valley_farm:closed emp=3 vac=0 wage=15.52 cap=10 util=0.06 out=8 rev=7.04 costs=46.56 profit=-39.52 cash=-267.9
258,26,9,0,1.634,1.1,0,0,169.234,1,3,1,company_grain_farm_region_green_valley_t177:A emp=0 vac=0 wage=0.88 cap=0.10737418240000006 util=0 out=0 rev=0 costs=0 profit=0 cash=-92.81 ; company_grain_farm_region_green_valley_t198:A emp=0 vac=0 wage=1.67 cap=0.6400000000000001 util=1 out=0 rev=0 costs=1.67 profit=-1.67 cash=-206.84 ; company_grain_farm_region_green_valley_t67:A emp=1 vac=0 wage=0.16 cap=1.2500000000000002 util=0.775 out=0 rev=0 costs=0.32 profit=-0.32 cash=1215.47 ; company_green_valley_farm:closed emp=3 vac=0 wage=15.52 cap=10 util=0.06 out=8 rev=7.04 costs=46.56 profit=-39.52 cash=-267.9
259,26,9,0,1.634,1.07,0,0,169.234,1,3,1,company_grain_farm_region_green_valley_t177:A emp=0 vac=0 wage=0.85 cap=0.10737418240000006 util=0 out=0 rev=0 costs=0 profit=0 cash=-92.81 ; company_grain_farm_region_green_valley_t198:A emp=0 vac=0 wage=1.62 cap=0.6400000000000001 util=0.95 out=0 rev=0 costs=0 profit=0 cash=-206.84 ; company_grain_farm_region_green_valley_t67:A emp=1 vac=0 wage=0.16 cap=1.2500000000000002 util=0.7 out=0 rev=0 costs=0.16 profit=-0.16 cash=1215.31 ; company_green_valley_farm:closed emp=3 vac=0 wage=15.52 cap=10 util=0.06 out=8 rev=7.04 costs=46.56 profit=-39.52 cash=-267.9
260,25,9,1,1.692,1.04,0,1.467,167.767,1,3,2,company_grain_farm_region_green_valley_t177:A emp=0 vac=0 wage=0.82 cap=0.10737418240000006 util=0 out=0 rev=0 costs=0 profit=0 cash=-92.81 ; company_grain_farm_region_green_valley_t198:A emp=1 vac=0 wage=1.57 cap=0.6400000000000001 util=0.875 out=0 rev=0 costs=1.57 profit=-1.57 cash=-208.41 ; company_grain_farm_region_green_valley_t67:A emp=1 vac=0 wage=0.16 cap=1.2500000000000002 util=0.625 out=0 rev=0 costs=0.16 profit=-0.16 cash=1215.15 ; company_green_valley_farm:closed emp=3 vac=0 wage=15.52 cap=10 util=0.06 out=8 rev=7.04 costs=46.56 profit=-39.52 cash=-267.9
261,25,9,1,1.692,1.01,0,1.51,166.257,1,3,2,company_grain_farm_region_green_valley_t177:A emp=0 vac=0 wage=0.8 cap=0.10737418240000006 util=0 out=0 rev=0 costs=0 profit=0 cash=-92.81 ; company_grain_farm_region_green_valley_t198:A emp=1 vac=0 wage=1.52 cap=0.6400000000000001 util=0.8 out=0 rev=0 costs=1.52 profit=-1.52 cash=-209.93 ; company_grain_farm_region_green_valley_t67:A emp=1 vac=0 wage=0.16 cap=1.0000000000000002 util=0.55 out=0 rev=0 costs=0.16 profit=-0.16 cash=1214.99 ; company_green_valley_farm:closed emp=3 vac=0 wage=15.52 cap=10 util=0.06 out=8 rev=7.04 costs=46.56 profit=-39.52 cash=-267.9
262,25,9,0,1.692,0.98,0,0,166.257,1,3,1,company_grain_farm_region_green_valley_t177:A emp=0 vac=0 wage=0.78 cap=0.08589934592000005 util=0 out=0 rev=0 costs=0 profit=0 cash=-92.81 ; company_grain_farm_region_green_valley_t198:A emp=0 vac=0 wage=1.47 cap=0.5120000000000001 util=0.725 out=0 rev=0 costs=1.47 profit=-1.47 cash=-211.4 ; company_grain_farm_region_green_valley_t67:A emp=1 vac=0 wage=0.16 cap=1.0000000000000002 util=0.475 out=0 rev=0 costs=0.16 profit=-0.16 cash=1214.83 ; company_green_valley_farm:closed emp=3 vac=0 wage=15.52 cap=10 util=0.06 out=8 rev=7.04 costs=46.56 profit=-39.52 cash=-267.9
263,24,8,0,1.762,0.95,0,0,166.257,1,3,1,company_grain_farm_region_green_valley_t177:A emp=0 vac=0 wage=0.76 cap=0.08589934592000005 util=0 out=0 rev=0 costs=0 profit=0 cash=-92.81 ; company_grain_farm_region_green_valley_t198:A emp=0 vac=0 wage=1.43 cap=0.5120000000000001 util=0.65 out=0 rev=0 costs=0 profit=0 cash=-211.4 ; company_grain_farm_region_green_valley_t67:A emp=1 vac=0 wage=0.16 cap=1.0000000000000002 util=0.4 out=0 rev=0 costs=0.16 profit=-0.16 cash=1214.67 ; company_green_valley_farm:closed emp=3 vac=0 wage=15.52 cap=10 util=0.06 out=8 rev=7.04 costs=46.56 profit=-39.52 cash=-267.9
264,24,8,1,1.755,0.98,0,1.463,164.794,1,3,2,company_grain_farm_region_green_valley_t177:A emp=0 vac=0 wage=0.74 cap=0.08589934592000005 util=0 out=0 rev=0 costs=0 profit=0 cash=-92.81 ; company_grain_farm_region_green_valley_t198:A emp=1 vac=0 wage=1.39 cap=0.5120000000000001 util=0.575 out=0 rev=0 costs=1.39 profit=-1.39 cash=-212.79 ; company_grain_farm_region_green_valley_t67:A emp=1 vac=0 wage=0.16 cap=1.0000000000000002 util=0.325 out=0 rev=0 costs=0.16 profit=-0.16 cash=1214.51 ; company_green_valley_farm:closed emp=3 vac=0 wage=15.52 cap=10 util=0.06 out=8 rev=7.04 costs=46.56 profit=-39.52 cash=-267.9
265,24,8,1,1.755,1.01,0,1.418,163.375,1,3,2,company_grain_farm_region_green_valley_t177:A emp=0 vac=0 wage=0.72 cap=0.08589934592000005 util=0 out=0 rev=0 costs=0 profit=0 cash=-92.81 ; company_grain_farm_region_green_valley_t198:A emp=1 vac=0 wage=1.35 cap=0.5120000000000001 util=0.5 out=0 rev=0 costs=1.35 profit=-1.35 cash=-214.14 ; company_grain_farm_region_green_valley_t67:A emp=1 vac=0 wage=0.16 cap=1.0000000000000002 util=0.25 out=0 rev=0 costs=0.16 profit=-0.16 cash=1214.35 ; company_green_valley_farm:closed emp=3 vac=0 wage=15.52 cap=10 util=0.06 out=8 rev=7.04 costs=46.56 profit=-39.52 cash=-267.9
266,24,8,0,1.755,1.01,0,0,163.375,1,3,1,company_grain_farm_region_green_valley_t177:A emp=0 vac=0 wage=0.7 cap=0.08589934592000005 util=0 out=0 rev=0 costs=0 profit=0 cash=-92.81 ; company_grain_farm_region_green_valley_t198:A emp=0 vac=0 wage=1.31 cap=0.5120000000000001 util=0.425 out=0 rev=0 costs=1.31 profit=-1.31 cash=-215.45 ; company_grain_farm_region_green_valley_t67:A emp=1 vac=0 wage=0.16 cap=1.0000000000000002 util=0.175 out=0 rev=0 costs=0.16 profit=-0.16 cash=1214.19 ; company_green_valley_farm:closed emp=3 vac=0 wage=15.52 cap=10 util=0.06 out=8 rev=7.04 costs=46.56 profit=-39.52 cash=-267.9
267,24,9,0,1.755,1.01,0,0,163.375,1,3,1,company_grain_farm_region_green_valley_t177:A emp=0 vac=0 wage=0.68 cap=0.08589934592000005 util=0 out=0 rev=0 costs=0 profit=0 cash=-92.81 ; company_grain_farm_region_green_valley_t198:A emp=0 vac=0 wage=1.27 cap=0.5120000000000001 util=0.35 out=0 rev=0 costs=0 profit=0 cash=-215.45 ; company_grain_farm_region_green_valley_t67:A emp=1 vac=0 wage=0.16 cap=0.8000000000000003 util=0.1 out=0 rev=0 costs=0.16 profit=-0.16 cash=1214.03 ; company_green_valley_farm:closed emp=3 vac=0 wage=15.52 cap=10 util=0.06 out=8 rev=7.04 costs=46.56 profit=-39.52 cash=-267.9
268,24,9,1,1.748,1.04,0,1.218,162.158,1,3,2,company_grain_farm_region_green_valley_t177:A emp=0 vac=0 wage=0.66 cap=0.06871947673600004 util=0 out=0 rev=0 costs=0 profit=0 cash=-92.81 ; company_grain_farm_region_green_valley_t198:A emp=1 vac=0 wage=1.23 cap=0.40960000000000013 util=0.275 out=0 rev=0 costs=1.23 profit=-1.23 cash=-216.68 ; company_grain_farm_region_green_valley_t67:A emp=1 vac=0 wage=0.16 cap=0.8000000000000003 util=0.025 out=0 rev=0 costs=0.16 profit=-0.16 cash=1213.87 ; company_green_valley_farm:closed emp=3 vac=0 wage=15.52 cap=10 util=0.06 out=8 rev=7.04 costs=46.56 profit=-39.52 cash=-267.9
269,24,9,0,1.748,1.04,0,0,162.158,1,3,1,company_grain_farm_region_green_valley_t177:A emp=0 vac=0 wage=0.64 cap=0.06871947673600004 util=0 out=0 rev=0 costs=0 profit=0 cash=-92.81 ; company_grain_farm_region_green_valley_t198:A emp=1 vac=0 wage=1.19 cap=0.40960000000000013 util=0.2 out=0 rev=0 costs=1.19 profit=-1.19 cash=-217.87 ; company_grain_farm_region_green_valley_t67:A emp=0 vac=0 wage=0.16 cap=0.8000000000000003 util=0 out=0 rev=0 costs=0.16 profit=-0.16 cash=1213.71 ; company_green_valley_farm:closed emp=3 vac=0 wage=15.52 cap=10 util=0.06 out=8 rev=7.04 costs=46.56 profit=-39.52 cash=-267.9
270,24,9,0,1.748,1.04,0,0,162.158,1,3,1,company_grain_farm_region_green_valley_t177:A emp=0 vac=0 wage=0.62 cap=0.06871947673600004 util=0 out=0 rev=0 costs=0 profit=0 cash=-92.81 ; company_grain_farm_region_green_valley_t198:A emp=1 vac=0 wage=1.15 cap=0.40960000000000013 util=0.125 out=0 rev=0 costs=1.15 profit=-1.15 cash=-219.02 ; company_grain_farm_region_green_valley_t67:A emp=0 vac=0 wage=0.16 cap=0.8000000000000003 util=0 out=0 rev=0 costs=0 profit=0 cash=1213.71 ; company_green_valley_farm:closed emp=3 vac=0 wage=15.52 cap=10 util=0.06 out=8 rev=7.04 costs=46.56 profit=-39.52 cash=-267.9
271,24,9,0,1.748,1.04,0,0,162.158,1,3,1,company_grain_farm_region_green_valley_t177:A emp=0 vac=0 wage=0.6 cap=0.06871947673600004 util=0 out=0 rev=0 costs=0 profit=0 cash=-92.81 ; company_grain_farm_region_green_valley_t198:A emp=1 vac=0 wage=1.12 cap=0.40960000000000013 util=0.05 out=0 rev=0 costs=1.12 profit=-1.12 cash=-220.14 ; company_grain_farm_region_green_valley_t67:A emp=0 vac=0 wage=0.16 cap=0.8000000000000003 util=0 out=0 rev=0 costs=0 profit=0 cash=1213.71 ; company_green_valley_farm:closed emp=3 vac=0 wage=15.52 cap=10 util=0.06 out=8 rev=7.04 costs=46.56 profit=-39.52 cash=-267.9
272,24,9,0,1.748,1.04,0,0,162.158,1,3,1,company_grain_farm_region_green_valley_t177:A emp=0 vac=0 wage=0.58 cap=0.06871947673600004 util=0 out=0 rev=0 costs=0 profit=0 cash=-92.81 ; company_grain_farm_region_green_valley_t198:A emp=1 vac=0 wage=1.09 cap=0.40960000000000013 util=0 out=0 rev=0 costs=1.09 profit=-1.09 cash=-221.23 ; company_grain_farm_region_green_valley_t67:A emp=0 vac=0 wage=0.16 cap=0.8000000000000003 util=0 out=0 rev=0 costs=0 profit=0 cash=1213.71 ; company_green_valley_farm:closed emp=3 vac=0 wage=15.52 cap=10 util=0.06 out=8 rev=7.04 costs=46.56 profit=-39.52 cash=-267.9
273,24,9,0,1.748,1.04,0,0,162.158,1,3,1,company_grain_farm_region_green_valley_t177:A emp=0 vac=0 wage=0.56 cap=0.06871947673600004 util=0 out=0 rev=0 costs=0 profit=0 cash=-92.81 ; company_grain_farm_region_green_valley_t198:A emp=1 vac=0 wage=1.06 cap=0.40960000000000013 util=0 out=0 rev=0 costs=1.06 profit=-1.06 cash=-222.29 ; company_grain_farm_region_green_valley_t67:A emp=0 vac=0 wage=0.16 cap=0.6400000000000002 util=0 out=0 rev=0 costs=0 profit=0 cash=1213.71 ; company_green_valley_farm:closed emp=3 vac=0 wage=15.52 cap=10 util=0.06 out=8 rev=7.04 costs=46.56 profit=-39.52 cash=-267.9
274,24,9,0,1.748,1.04,0,0,162.158,1,2,0,company_grain_farm_region_green_valley_t177:A emp=0 vac=0 wage=0.54 cap=0.054975581388800036 util=0 out=0 rev=0 costs=0 profit=0 cash=-92.81 ; company_grain_farm_region_green_valley_t198:closed emp=1 vac=0 wage=1.06 cap=0.40960000000000013 util=0 out=0 rev=0 costs=1.06 profit=-1.06 cash=-222.29 ; company_grain_farm_region_green_valley_t67:A emp=0 vac=0 wage=0.16 cap=0.6400000000000002 util=0 out=0 rev=0 costs=0 profit=0 cash=1213.71 ; company_green_valley_farm:closed emp=3 vac=0 wage=15.52 cap=10 util=0.06 out=8 rev=7.04 costs=46.56 profit=-39.52 cash=-267.9
275,24,9,0,1.748,1.04,0,0,162.158,1,2,0,company_grain_farm_region_green_valley_t177:A emp=0 vac=0 wage=0.52 cap=0.054975581388800036 util=0 out=0 rev=0 costs=0 profit=0 cash=-92.81 ; company_grain_farm_region_green_valley_t198:closed emp=1 vac=0 wage=1.06 cap=0.40960000000000013 util=0 out=0 rev=0 costs=1.06 profit=-1.06 cash=-222.29 ; company_grain_farm_region_green_valley_t67:A emp=0 vac=0 wage=0.16 cap=0.6400000000000002 util=0 out=0 rev=0 costs=0 profit=0 cash=1213.71 ; company_green_valley_farm:closed emp=3 vac=0 wage=15.52 cap=10 util=0.06 out=8 rev=7.04 costs=46.56 profit=-39.52 cash=-267.9
276,24,9,0,1.748,1.04,0,0,162.158,1,2,0,company_grain_farm_region_green_valley_t177:A emp=0 vac=0 wage=0.5 cap=0.054975581388800036 util=0 out=0 rev=0 costs=0 profit=0 cash=-92.81 ; company_grain_farm_region_green_valley_t198:closed emp=1 vac=0 wage=1.06 cap=0.40960000000000013 util=0 out=0 rev=0 costs=1.06 profit=-1.06 cash=-222.29 ; company_grain_farm_region_green_valley_t67:A emp=0 vac=0 wage=0.16 cap=0.6400000000000002 util=0 out=0 rev=0 costs=0 profit=0 cash=1213.71 ; company_green_valley_farm:closed emp=3 vac=0 wage=15.52 cap=10 util=0.06 out=8 rev=7.04 costs=46.56 profit=-39.52 cash=-267.9
277,24,9,0,1.748,1.04,0,0,162.158,1,2,0,company_grain_farm_region_green_valley_t177:A emp=0 vac=0 wage=0.48 cap=0.054975581388800036 util=0 out=0 rev=0 costs=0 profit=0 cash=-92.81 ; company_grain_farm_region_green_valley_t198:closed emp=1 vac=0 wage=1.06 cap=0.40960000000000013 util=0 out=0 rev=0 costs=1.06 profit=-1.06 cash=-222.29 ; company_grain_farm_region_green_valley_t67:A emp=0 vac=0 wage=0.16 cap=0.6400000000000002 util=0 out=0 rev=0 costs=0 profit=0 cash=1213.71 ; company_green_valley_farm:closed emp=3 vac=0 wage=15.52 cap=10 util=0.06 out=8 rev=7.04 costs=46.56 profit=-39.52 cash=-267.9
278,24,9,0,1.748,1.04,0,0,162.158,1,2,0,company_grain_farm_region_green_valley_t177:A emp=0 vac=0 wage=0.47 cap=0.054975581388800036 util=0 out=0 rev=0 costs=0 profit=0 cash=-92.81 ; company_grain_farm_region_green_valley_t198:closed emp=1 vac=0 wage=1.06 cap=0.40960000000000013 util=0 out=0 rev=0 costs=1.06 profit=-1.06 cash=-222.29 ; company_grain_farm_region_green_valley_t67:A emp=0 vac=0 wage=0.16 cap=0.6400000000000002 util=0 out=0 rev=0 costs=0 profit=0 cash=1213.71 ; company_green_valley_farm:closed emp=3 vac=0 wage=15.52 cap=10 util=0.06 out=8 rev=7.04 costs=46.56 profit=-39.52 cash=-267.9
279,24,9,0,1.748,1.04,0,0,162.158,1,2,0,company_grain_farm_region_green_valley_t177:A emp=0 vac=0 wage=0.46 cap=0.054975581388800036 util=0 out=0 rev=0 costs=0 profit=0 cash=-92.81 ; company_grain_farm_region_green_valley_t198:closed emp=1 vac=0 wage=1.06 cap=0.40960000000000013 util=0 out=0 rev=0 costs=1.06 profit=-1.06 cash=-222.29 ; company_grain_farm_region_green_valley_t67:A emp=0 vac=0 wage=0.16 cap=0.5120000000000002 util=0 out=0 rev=0 costs=0 profit=0 cash=1213.71 ; company_green_valley_farm:closed emp=3 vac=0 wage=15.52 cap=10 util=0.06 out=8 rev=7.04 costs=46.56 profit=-39.52 cash=-267.9
280,24,9,0,1.748,1.04,0,0,162.158,1,2,0,company_grain_farm_region_green_valley_t177:A emp=0 vac=0 wage=0.45 cap=0.043980465111040035 util=0 out=0 rev=0 costs=0 profit=0 cash=-92.81 ; company_grain_farm_region_green_valley_t198:closed emp=1 vac=0 wage=1.06 cap=0.40960000000000013 util=0 out=0 rev=0 costs=1.06 profit=-1.06 cash=-222.29 ; company_grain_farm_region_green_valley_t67:A emp=0 vac=0 wage=0.16 cap=0.5120000000000002 util=0 out=0 rev=0 costs=0 profit=0 cash=1213.71 ; company_green_valley_farm:closed emp=3 vac=0 wage=15.52 cap=10 util=0.06 out=8 rev=7.04 costs=46.56 profit=-39.52 cash=-267.9
281,24,9,0,1.748,1.04,0,0,162.158,1,2,0,company_grain_farm_region_green_valley_t177:A emp=0 vac=0 wage=0.44 cap=0.043980465111040035 util=0 out=0 rev=0 costs=0 profit=0 cash=-92.81 ; company_grain_farm_region_green_valley_t198:closed emp=1 vac=0 wage=1.06 cap=0.40960000000000013 util=0 out=0 rev=0 costs=1.06 profit=-1.06 cash=-222.29 ; company_grain_farm_region_green_valley_t67:A emp=0 vac=0 wage=0.16 cap=0.5120000000000002 util=0 out=0 rev=0 costs=0 profit=0 cash=1213.71 ; company_green_valley_farm:closed emp=3 vac=0 wage=15.52 cap=10 util=0.06 out=8 rev=7.04 costs=46.56 profit=-39.52 cash=-267.9
282,24,9,0,1.748,1.04,0,0,162.158,1,2,0,company_grain_farm_region_green_valley_t177:A emp=0 vac=0 wage=0.43 cap=0.043980465111040035 util=0 out=0 rev=0 costs=0 profit=0 cash=-92.81 ; company_grain_farm_region_green_valley_t198:closed emp=1 vac=0 wage=1.06 cap=0.40960000000000013 util=0 out=0 rev=0 costs=1.06 profit=-1.06 cash=-222.29 ; company_grain_farm_region_green_valley_t67:A emp=0 vac=0 wage=0.16 cap=0.5120000000000002 util=0 out=0 rev=0 costs=0 profit=0 cash=1213.71 ; company_green_valley_farm:closed emp=3 vac=0 wage=15.52 cap=10 util=0.06 out=8 rev=7.04 costs=46.56 profit=-39.52 cash=-267.9
283,24,9,0,1.748,1.04,0,0,162.158,1,2,0,company_grain_farm_region_green_valley_t177:A emp=0 vac=0 wage=0.42 cap=0.043980465111040035 util=0 out=0 rev=0 costs=0 profit=0 cash=-92.81 ; company_grain_farm_region_green_valley_t198:closed emp=1 vac=0 wage=1.06 cap=0.40960000000000013 util=0 out=0 rev=0 costs=1.06 profit=-1.06 cash=-222.29 ; company_grain_farm_region_green_valley_t67:A emp=0 vac=0 wage=0.16 cap=0.5120000000000002 util=0 out=0 rev=0 costs=0 profit=0 cash=1213.71 ; company_green_valley_farm:closed emp=3 vac=0 wage=15.52 cap=10 util=0.06 out=8 rev=7.04 costs=46.56 profit=-39.52 cash=-267.9
284,24,9,0,2.165,1.04,0,0,162.158,1,2,0,company_grain_farm_region_green_valley_t177:A emp=0 vac=0 wage=0.41 cap=0.043980465111040035 util=0 out=0 rev=0 costs=0 profit=0 cash=-92.81 ; company_grain_farm_region_green_valley_t198:closed emp=1 vac=0 wage=1.06 cap=0.40960000000000013 util=0 out=0 rev=0 costs=1.06 profit=-1.06 cash=-222.29 ; company_grain_farm_region_green_valley_t67:A emp=0 vac=0 wage=0.16 cap=0.5120000000000002 util=0 out=0 rev=0 costs=0 profit=0 cash=1213.71 ; company_green_valley_farm:closed emp=3 vac=0 wage=15.52 cap=10 util=0.06 out=8 rev=7.04 costs=46.56 profit=-39.52 cash=-267.9
285,24,9,0,2.165,1.04,0,0,162.158,1,2,0,company_grain_farm_region_green_valley_t177:A emp=0 vac=0 wage=0.4 cap=0.043980465111040035 util=0 out=0 rev=0 costs=0 profit=0 cash=-92.81 ; company_grain_farm_region_green_valley_t198:closed emp=1 vac=0 wage=1.06 cap=0.40960000000000013 util=0 out=0 rev=0 costs=1.06 profit=-1.06 cash=-222.29 ; company_grain_farm_region_green_valley_t67:A emp=0 vac=0 wage=0.16 cap=0.4096000000000002 util=0 out=0 rev=0 costs=0 profit=0 cash=1213.71 ; company_green_valley_farm:closed emp=3 vac=0 wage=15.52 cap=10 util=0.06 out=8 rev=7.04 costs=46.56 profit=-39.52 cash=-267.9
286,24,9,0,2.165,1.04,0,0,162.158,1,2,0,company_grain_farm_region_green_valley_t177:A emp=0 vac=0 wage=0.39 cap=0.03518437208883203 util=0 out=0 rev=0 costs=0 profit=0 cash=-92.81 ; company_grain_farm_region_green_valley_t198:closed emp=1 vac=0 wage=1.06 cap=0.40960000000000013 util=0 out=0 rev=0 costs=1.06 profit=-1.06 cash=-222.29 ; company_grain_farm_region_green_valley_t67:A emp=0 vac=0 wage=0.16 cap=0.4096000000000002 util=0 out=0 rev=0 costs=0 profit=0 cash=1213.71 ; company_green_valley_farm:closed emp=3 vac=0 wage=15.52 cap=10 util=0.06 out=8 rev=7.04 costs=46.56 profit=-39.52 cash=-267.9
287,24,9,0,2.165,1.04,0,0,162.158,1,2,0,company_grain_farm_region_green_valley_t177:A emp=0 vac=0 wage=0.38 cap=0.03518437208883203 util=0 out=0 rev=0 costs=0 profit=0 cash=-92.81 ; company_grain_farm_region_green_valley_t198:closed emp=1 vac=0 wage=1.06 cap=0.40960000000000013 util=0 out=0 rev=0 costs=1.06 profit=-1.06 cash=-222.29 ; company_grain_farm_region_green_valley_t67:A emp=0 vac=0 wage=0.16 cap=0.4096000000000002 util=0 out=0 rev=0 costs=0 profit=0 cash=1213.71 ; company_green_valley_farm:closed emp=3 vac=0 wage=15.52 cap=10 util=0.06 out=8 rev=7.04 costs=46.56 profit=-39.52 cash=-267.9
288,24,9,0,2.165,1.04,0,0,162.158,1,2,0,company_grain_farm_region_green_valley_t177:A emp=0 vac=0 wage=0.37 cap=0.03518437208883203 util=0 out=0 rev=0 costs=0 profit=0 cash=-92.81 ; company_grain_farm_region_green_valley_t198:closed emp=1 vac=0 wage=1.06 cap=0.40960000000000013 util=0 out=0 rev=0 costs=1.06 profit=-1.06 cash=-222.29 ; company_grain_farm_region_green_valley_t67:A emp=0 vac=0 wage=0.16 cap=0.4096000000000002 util=0 out=0 rev=0 costs=0 profit=0 cash=1213.71 ; company_green_valley_farm:closed emp=3 vac=0 wage=15.52 cap=10 util=0.06 out=8 rev=7.04 costs=46.56 profit=-39.52 cash=-267.9
289,24,9,0,2.165,1.04,0,0,162.158,1,2,0,company_grain_farm_region_green_valley_t177:A emp=0 vac=0 wage=0.36 cap=0.03518437208883203 util=0 out=0 rev=0 costs=0 profit=0 cash=-92.81 ; company_grain_farm_region_green_valley_t198:closed emp=1 vac=0 wage=1.06 cap=0.40960000000000013 util=0 out=0 rev=0 costs=1.06 profit=-1.06 cash=-222.29 ; company_grain_farm_region_green_valley_t67:A emp=0 vac=0 wage=0.16 cap=0.4096000000000002 util=0 out=0 rev=0 costs=0 profit=0 cash=1213.71 ; company_green_valley_farm:closed emp=3 vac=0 wage=15.52 cap=10 util=0.06 out=8 rev=7.04 costs=46.56 profit=-39.52 cash=-267.9
290,24,9,0,2.165,1.04,0,0,162.158,1,2,0,company_grain_farm_region_green_valley_t177:A emp=0 vac=0 wage=0.35 cap=0.03518437208883203 util=0 out=0 rev=0 costs=0 profit=0 cash=-92.81 ; company_grain_farm_region_green_valley_t198:closed emp=1 vac=0 wage=1.06 cap=0.40960000000000013 util=0 out=0 rev=0 costs=1.06 profit=-1.06 cash=-222.29 ; company_grain_farm_region_green_valley_t67:A emp=0 vac=0 wage=0.16 cap=0.4096000000000002 util=0 out=0 rev=0 costs=0 profit=0 cash=1213.71 ; company_green_valley_farm:closed emp=3 vac=0 wage=15.52 cap=10 util=0.06 out=8 rev=7.04 costs=46.56 profit=-39.52 cash=-267.9
291,24,9,0,2.165,1.04,0,0,162.158,1,2,0,company_grain_farm_region_green_valley_t177:A emp=0 vac=0 wage=0.34 cap=0.03518437208883203 util=0 out=0 rev=0 costs=0 profit=0 cash=-92.81 ; company_grain_farm_region_green_valley_t198:closed emp=1 vac=0 wage=1.06 cap=0.40960000000000013 util=0 out=0 rev=0 costs=1.06 profit=-1.06 cash=-222.29 ; company_grain_farm_region_green_valley_t67:A emp=0 vac=0 wage=0.16 cap=0.3276800000000002 util=0 out=0 rev=0 costs=0 profit=0 cash=1213.71 ; company_green_valley_farm:closed emp=3 vac=0 wage=15.52 cap=10 util=0.06 out=8 rev=7.04 costs=46.56 profit=-39.52 cash=-267.9
292,24,9,0,2.165,1.04,0,0,162.158,1,2,0,company_grain_farm_region_green_valley_t177:A emp=0 vac=0 wage=0.33 cap=0.028147497671065627 util=0 out=0 rev=0 costs=0 profit=0 cash=-92.81 ; company_grain_farm_region_green_valley_t198:closed emp=1 vac=0 wage=1.06 cap=0.40960000000000013 util=0 out=0 rev=0 costs=1.06 profit=-1.06 cash=-222.29 ; company_grain_farm_region_green_valley_t67:A emp=0 vac=0 wage=0.16 cap=0.3276800000000002 util=0 out=0 rev=0 costs=0 profit=0 cash=1213.71 ; company_green_valley_farm:closed emp=3 vac=0 wage=15.52 cap=10 util=0.06 out=8 rev=7.04 costs=46.56 profit=-39.52 cash=-267.9
293,24,9,0,2.165,1.04,0,0,162.158,1,2,0,company_grain_farm_region_green_valley_t177:A emp=0 vac=0 wage=0.32 cap=0.028147497671065627 util=0 out=0 rev=0 costs=0 profit=0 cash=-92.81 ; company_grain_farm_region_green_valley_t198:closed emp=1 vac=0 wage=1.06 cap=0.40960000000000013 util=0 out=0 rev=0 costs=1.06 profit=-1.06 cash=-222.29 ; company_grain_farm_region_green_valley_t67:A emp=0 vac=0 wage=0.16 cap=0.3276800000000002 util=0 out=0 rev=0 costs=0 profit=0 cash=1213.71 ; company_green_valley_farm:closed emp=3 vac=0 wage=15.52 cap=10 util=0.06 out=8 rev=7.04 costs=46.56 profit=-39.52 cash=-267.9
294,24,9,0,2.165,1.04,0,0,162.158,1,2,0,company_grain_farm_region_green_valley_t177:A emp=0 vac=0 wage=0.31 cap=0.028147497671065627 util=0 out=0 rev=0 costs=0 profit=0 cash=-92.81 ; company_grain_farm_region_green_valley_t198:closed emp=1 vac=0 wage=1.06 cap=0.40960000000000013 util=0 out=0 rev=0 costs=1.06 profit=-1.06 cash=-222.29 ; company_grain_farm_region_green_valley_t67:A emp=0 vac=0 wage=0.16 cap=0.3276800000000002 util=0 out=0 rev=0 costs=0 profit=0 cash=1213.71 ; company_green_valley_farm:closed emp=3 vac=0 wage=15.52 cap=10 util=0.06 out=8 rev=7.04 costs=46.56 profit=-39.52 cash=-267.9
295,24,9,0,2.165,1.04,0,0,162.158,1,2,0,company_grain_farm_region_green_valley_t177:A emp=0 vac=0 wage=0.3 cap=0.028147497671065627 util=0 out=0 rev=0 costs=0 profit=0 cash=-92.81 ; company_grain_farm_region_green_valley_t198:closed emp=1 vac=0 wage=1.06 cap=0.40960000000000013 util=0 out=0 rev=0 costs=1.06 profit=-1.06 cash=-222.29 ; company_grain_farm_region_green_valley_t67:A emp=0 vac=0 wage=0.16 cap=0.3276800000000002 util=0 out=0 rev=0 costs=0 profit=0 cash=1213.71 ; company_green_valley_farm:closed emp=3 vac=0 wage=15.52 cap=10 util=0.06 out=8 rev=7.04 costs=46.56 profit=-39.52 cash=-267.9
296,24,9,0,2.165,1.04,0,0,162.158,1,2,0,company_grain_farm_region_green_valley_t177:A emp=0 vac=0 wage=0.29 cap=0.028147497671065627 util=0 out=0 rev=0 costs=0 profit=0 cash=-92.81 ; company_grain_farm_region_green_valley_t198:closed emp=1 vac=0 wage=1.06 cap=0.40960000000000013 util=0 out=0 rev=0 costs=1.06 profit=-1.06 cash=-222.29 ; company_grain_farm_region_green_valley_t67:A emp=0 vac=0 wage=0.16 cap=0.3276800000000002 util=0 out=0 rev=0 costs=0 profit=0 cash=1213.71 ; company_green_valley_farm:closed emp=3 vac=0 wage=15.52 cap=10 util=0.06 out=8 rev=7.04 costs=46.56 profit=-39.52 cash=-267.9
297,25,9,0,2.078,1.04,0,0,162.158,1,2,0,company_grain_farm_region_green_valley_t177:A emp=0 vac=0 wage=0.28 cap=0.028147497671065627 util=0 out=0 rev=0 costs=0 profit=0 cash=-92.81 ; company_grain_farm_region_green_valley_t198:closed emp=1 vac=0 wage=1.06 cap=0.40960000000000013 util=0 out=0 rev=0 costs=1.06 profit=-1.06 cash=-222.29 ; company_grain_farm_region_green_valley_t67:A emp=0 vac=0 wage=0.16 cap=0.26214400000000015 util=0 out=0 rev=0 costs=0 profit=0 cash=1213.71 ; company_green_valley_farm:closed emp=3 vac=0 wage=15.52 cap=10 util=0.06 out=8 rev=7.04 costs=46.56 profit=-39.52 cash=-267.9
298,25,9,0,2.078,1.04,0,0,162.158,1,2,0,company_grain_farm_region_green_valley_t177:A emp=0 vac=0 wage=0.27 cap=0.022517998136852502 util=0 out=0 rev=0 costs=0 profit=0 cash=-92.81 ; company_grain_farm_region_green_valley_t198:closed emp=1 vac=0 wage=1.06 cap=0.40960000000000013 util=0 out=0 rev=0 costs=1.06 profit=-1.06 cash=-222.29 ; company_grain_farm_region_green_valley_t67:A emp=0 vac=0 wage=0.16 cap=0.26214400000000015 util=0 out=0 rev=0 costs=0 profit=0 cash=1213.71 ; company_green_valley_farm:closed emp=3 vac=0 wage=15.52 cap=10 util=0.06 out=8 rev=7.04 costs=46.56 profit=-39.52 cash=-267.9
299,26,9,0,1.998,1.04,0,0,162.158,1,2,0,company_grain_farm_region_green_valley_t177:A emp=0 vac=0 wage=0.26 cap=0.022517998136852502 util=0 out=0 rev=0 costs=0 profit=0 cash=-92.81 ; company_grain_farm_region_green_valley_t198:closed emp=1 vac=0 wage=1.06 cap=0.40960000000000013 util=0 out=0 rev=0 costs=1.06 profit=-1.06 cash=-222.29 ; company_grain_farm_region_green_valley_t67:A emp=0 vac=0 wage=0.16 cap=0.26214400000000015 util=0 out=0 rev=0 costs=0 profit=0 cash=1213.71 ; company_green_valley_farm:closed emp=3 vac=0 wage=15.52 cap=10 util=0.06 out=8 rev=7.04 costs=46.56 profit=-39.52 cash=-267.9
300,26,9,0,1.998,1.04,0,0,162.158,1,2,0,company_grain_farm_region_green_valley_t177:A emp=0 vac=0 wage=0.25 cap=0.022517998136852502 util=0 out=0 rev=0 costs=0 profit=0 cash=-92.81 ; company_grain_farm_region_green_valley_t198:closed emp=1 vac=0 wage=1.06 cap=0.40960000000000013 util=0 out=0 rev=0 costs=1.06 profit=-1.06 cash=-222.29 ; company_grain_farm_region_green_valley_t67:A emp=0 vac=0 wage=0.16 cap=0.26214400000000015 util=0 out=0 rev=0 costs=0 profit=0 cash=1213.71 ; company_green_valley_farm:closed emp=3 vac=0 wage=15.52 cap=10 util=0.06 out=8 rev=7.04 costs=46.56 profit=-39.52 cash=-267.9
301,26,9,0,1.998,1.04,0,0,162.158,1,2,0,company_grain_farm_region_green_valley_t177:A emp=0 vac=0 wage=0.24 cap=0.022517998136852502 util=0 out=0 rev=0 costs=0 profit=0 cash=-92.81 ; company_grain_farm_region_green_valley_t198:closed emp=1 vac=0 wage=1.06 cap=0.40960000000000013 util=0 out=0 rev=0 costs=1.06 profit=-1.06 cash=-222.29 ; company_grain_farm_region_green_valley_t67:A emp=0 vac=0 wage=0.16 cap=0.26214400000000015 util=0 out=0 rev=0 costs=0 profit=0 cash=1213.71 ; company_green_valley_farm:closed emp=3 vac=0 wage=15.52 cap=10 util=0.06 out=8 rev=7.04 costs=46.56 profit=-39.52 cash=-267.9
302,26,9,0,1.998,1.04,0,0,162.158,1,2,0,company_grain_farm_region_green_valley_t177:A emp=0 vac=0 wage=0.23 cap=0.022517998136852502 util=0 out=0 rev=0 costs=0 profit=0 cash=-92.81 ; company_grain_farm_region_green_valley_t198:closed emp=1 vac=0 wage=1.06 cap=0.40960000000000013 util=0 out=0 rev=0 costs=1.06 profit=-1.06 cash=-222.29 ; company_grain_farm_region_green_valley_t67:A emp=0 vac=0 wage=0.16 cap=0.26214400000000015 util=0 out=0 rev=0 costs=0 profit=0 cash=1213.71 ; company_green_valley_farm:closed emp=3 vac=0 wage=15.52 cap=10 util=0.06 out=8 rev=7.04 costs=46.56 profit=-39.52 cash=-267.9
303,26,9,0,1.998,1.04,0,0,162.158,1,2,0,company_grain_farm_region_green_valley_t177:A emp=0 vac=0 wage=0.22 cap=0.022517998136852502 util=0 out=0 rev=0 costs=0 profit=0 cash=-92.81 ; company_grain_farm_region_green_valley_t198:closed emp=1 vac=0 wage=1.06 cap=0.40960000000000013 util=0 out=0 rev=0 costs=1.06 profit=-1.06 cash=-222.29 ; company_grain_farm_region_green_valley_t67:A emp=0 vac=0 wage=0.16 cap=0.20971520000000013 util=0 out=0 rev=0 costs=0 profit=0 cash=1213.71 ; company_green_valley_farm:closed emp=3 vac=0 wage=15.52 cap=10 util=0.06 out=8 rev=7.04 costs=46.56 profit=-39.52 cash=-267.9
304,26,9,0,1.998,1.04,0,0,162.158,1,2,0,company_grain_farm_region_green_valley_t177:A emp=0 vac=0 wage=0.21 cap=0.018014398509482003 util=0 out=0 rev=0 costs=0 profit=0 cash=-92.81 ; company_grain_farm_region_green_valley_t198:closed emp=1 vac=0 wage=1.06 cap=0.40960000000000013 util=0 out=0 rev=0 costs=1.06 profit=-1.06 cash=-222.29 ; company_grain_farm_region_green_valley_t67:A emp=0 vac=0 wage=0.16 cap=0.20971520000000013 util=0 out=0 rev=0 costs=0 profit=0 cash=1213.71 ; company_green_valley_farm:closed emp=3 vac=0 wage=15.52 cap=10 util=0.06 out=8 rev=7.04 costs=46.56 profit=-39.52 cash=-267.9
305,26,9,0,1.998,1.04,0,0,162.158,1,2,0,company_grain_farm_region_green_valley_t177:A emp=0 vac=0 wage=0.2 cap=0.018014398509482003 util=0 out=0 rev=0 costs=0 profit=0 cash=-92.81 ; company_grain_farm_region_green_valley_t198:closed emp=1 vac=0 wage=1.06 cap=0.40960000000000013 util=0 out=0 rev=0 costs=1.06 profit=-1.06 cash=-222.29 ; company_grain_farm_region_green_valley_t67:A emp=0 vac=0 wage=0.16 cap=0.20971520000000013 util=0 out=0 rev=0 costs=0 profit=0 cash=1213.71 ; company_green_valley_farm:closed emp=3 vac=0 wage=15.52 cap=10 util=0.06 out=8 rev=7.04 costs=46.56 profit=-39.52 cash=-267.9
306,26,9,0,1.998,1.04,0,0,162.158,1,2,0,company_grain_farm_region_green_valley_t177:A emp=0 vac=0 wage=0.19 cap=0.018014398509482003 util=0 out=0 rev=0 costs=0 profit=0 cash=-92.81 ; company_grain_farm_region_green_valley_t198:closed emp=1 vac=0 wage=1.06 cap=0.40960000000000013 util=0 out=0 rev=0 costs=1.06 profit=-1.06 cash=-222.29 ; company_grain_farm_region_green_valley_t67:A emp=0 vac=0 wage=0.16 cap=0.20971520000000013 util=0 out=0 rev=0 costs=0 profit=0 cash=1213.71 ; company_green_valley_farm:closed emp=3 vac=0 wage=15.52 cap=10 util=0.06 out=8 rev=7.04 costs=46.56 profit=-39.52 cash=-267.9
307,25,8,0,2.078,1.04,0,0,162.158,1,2,0,company_grain_farm_region_green_valley_t177:A emp=0 vac=0 wage=0.18 cap=0.018014398509482003 util=0 out=0 rev=0 costs=0 profit=0 cash=-92.81 ; company_grain_farm_region_green_valley_t198:closed emp=1 vac=0 wage=1.06 cap=0.40960000000000013 util=0 out=0 rev=0 costs=1.06 profit=-1.06 cash=-222.29 ; company_grain_farm_region_green_valley_t67:A emp=0 vac=0 wage=0.16 cap=0.20971520000000013 util=0 out=0 rev=0 costs=0 profit=0 cash=1213.71 ; company_green_valley_farm:closed emp=3 vac=0 wage=15.52 cap=10 util=0.06 out=8 rev=7.04 costs=46.56 profit=-39.52 cash=-267.9
308,25,8,0,2.078,1.04,0,0,162.158,1,2,0,company_grain_farm_region_green_valley_t177:A emp=0 vac=0 wage=0.17 cap=0.018014398509482003 util=0 out=0 rev=0 costs=0 profit=0 cash=-92.81 ; company_grain_farm_region_green_valley_t198:closed emp=1 vac=0 wage=1.06 cap=0.40960000000000013 util=0 out=0 rev=0 costs=1.06 profit=-1.06 cash=-222.29 ; company_grain_farm_region_green_valley_t67:A emp=0 vac=0 wage=0.16 cap=0.20971520000000013 util=0 out=0 rev=0 costs=0 profit=0 cash=1213.71 ; company_green_valley_farm:closed emp=3 vac=0 wage=15.52 cap=10 util=0.06 out=8 rev=7.04 costs=46.56 profit=-39.52 cash=-267.9
309,25,8,0,2.078,1.04,0,0,162.158,1,2,0,company_grain_farm_region_green_valley_t177:A emp=0 vac=0 wage=0.16 cap=0.018014398509482003 util=0 out=0 rev=0 costs=0 profit=0 cash=-92.81 ; company_grain_farm_region_green_valley_t198:closed emp=1 vac=0 wage=1.06 cap=0.40960000000000013 util=0 out=0 rev=0 costs=1.06 profit=-1.06 cash=-222.29 ; company_grain_farm_region_green_valley_t67:A emp=0 vac=0 wage=0.16 cap=0.16777216000000011 util=0 out=0 rev=0 costs=0 profit=0 cash=1213.71 ; company_green_valley_farm:closed emp=3 vac=0 wage=15.52 cap=10 util=0.06 out=8 rev=7.04 costs=46.56 profit=-39.52 cash=-267.9
310,25,8,0,2.078,1.04,0,0,162.158,1,2,0,company_grain_farm_region_green_valley_t177:A emp=0 vac=0 wage=0.16 cap=0.014411518807585602 util=0 out=0 rev=0 costs=0 profit=0 cash=-92.81 ; company_grain_farm_region_green_valley_t198:closed emp=1 vac=0 wage=1.06 cap=0.40960000000000013 util=0 out=0 rev=0 costs=1.06 profit=-1.06 cash=-222.29 ; company_grain_farm_region_green_valley_t67:A emp=0 vac=0 wage=0.16 cap=0.16777216000000011 util=0 out=0 rev=0 costs=0 profit=0 cash=1213.71 ; company_green_valley_farm:closed emp=3 vac=0 wage=15.52 cap=10 util=0.06 out=8 rev=7.04 costs=46.56 profit=-39.52 cash=-267.9
311,25,8,0,2.078,1.04,0,0,162.158,1,2,0,company_grain_farm_region_green_valley_t177:A emp=0 vac=0 wage=0.16 cap=0.014411518807585602 util=0 out=0 rev=0 costs=0 profit=0 cash=-92.81 ; company_grain_farm_region_green_valley_t198:closed emp=1 vac=0 wage=1.06 cap=0.40960000000000013 util=0 out=0 rev=0 costs=1.06 profit=-1.06 cash=-222.29 ; company_grain_farm_region_green_valley_t67:A emp=0 vac=0 wage=0.16 cap=0.16777216000000011 util=0 out=0 rev=0 costs=0 profit=0 cash=1213.71 ; company_green_valley_farm:closed emp=3 vac=0 wage=15.52 cap=10 util=0.06 out=8 rev=7.04 costs=46.56 profit=-39.52 cash=-267.9
312,25,8,0,2.078,1.04,0,0,162.158,1,2,0,company_grain_farm_region_green_valley_t177:A emp=0 vac=0 wage=0.16 cap=0.014411518807585602 util=0 out=0 rev=0 costs=0 profit=0 cash=-92.81 ; company_grain_farm_region_green_valley_t198:closed emp=1 vac=0 wage=1.06 cap=0.40960000000000013 util=0 out=0 rev=0 costs=1.06 profit=-1.06 cash=-222.29 ; company_grain_farm_region_green_valley_t67:A emp=0 vac=0 wage=0.16 cap=0.16777216000000011 util=0 out=0 rev=0 costs=0 profit=0 cash=1213.71 ; company_green_valley_farm:closed emp=3 vac=0 wage=15.52 cap=10 util=0.06 out=8 rev=7.04 costs=46.56 profit=-39.52 cash=-267.9
313,25,8,0,2.078,1.04,0,0,162.158,1,2,0,company_grain_farm_region_green_valley_t177:A emp=0 vac=0 wage=0.16 cap=0.014411518807585602 util=0 out=0 rev=0 costs=0 profit=0 cash=-92.81 ; company_grain_farm_region_green_valley_t198:closed emp=1 vac=0 wage=1.06 cap=0.40960000000000013 util=0 out=0 rev=0 costs=1.06 profit=-1.06 cash=-222.29 ; company_grain_farm_region_green_valley_t67:A emp=0 vac=0 wage=0.16 cap=0.16777216000000011 util=0 out=0 rev=0 costs=0 profit=0 cash=1213.71 ; company_green_valley_farm:closed emp=3 vac=0 wage=15.52 cap=10 util=0.06 out=8 rev=7.04 costs=46.56 profit=-39.52 cash=-267.9
314,26,8,0,1.998,1.04,0,0,162.158,1,2,0,company_grain_farm_region_green_valley_t177:A emp=0 vac=0 wage=0.16 cap=0.014411518807585602 util=0 out=0 rev=0 costs=0 profit=0 cash=-92.81 ; company_grain_farm_region_green_valley_t198:closed emp=1 vac=0 wage=1.06 cap=0.40960000000000013 util=0 out=0 rev=0 costs=1.06 profit=-1.06 cash=-222.29 ; company_grain_farm_region_green_valley_t67:A emp=0 vac=0 wage=0.16 cap=0.16777216000000011 util=0 out=0 rev=0 costs=0 profit=0 cash=1213.71 ; company_green_valley_farm:closed emp=3 vac=0 wage=15.52 cap=10 util=0.06 out=8 rev=7.04 costs=46.56 profit=-39.52 cash=-267.9
315,26,8,0,1.998,1.04,0,0,162.158,1,2,0,company_grain_farm_region_green_valley_t177:A emp=0 vac=0 wage=0.16 cap=0.014411518807585602 util=0 out=0 rev=0 costs=0 profit=0 cash=-92.81 ; company_grain_farm_region_green_valley_t198:closed emp=1 vac=0 wage=1.06 cap=0.40960000000000013 util=0 out=0 rev=0 costs=1.06 profit=-1.06 cash=-222.29 ; company_grain_farm_region_green_valley_t67:A emp=0 vac=0 wage=0.16 cap=0.1342177280000001 util=0 out=0 rev=0 costs=0 profit=0 cash=1213.71 ; company_green_valley_farm:closed emp=3 vac=0 wage=15.52 cap=10 util=0.06 out=8 rev=7.04 costs=46.56 profit=-39.52 cash=-267.9
316,26,8,0,1.998,1.04,0,0,162.158,1,2,0,company_grain_farm_region_green_valley_t177:A emp=0 vac=0 wage=0.16 cap=0.011529215046068483 util=0 out=0 rev=0 costs=0 profit=0 cash=-92.81 ; company_grain_farm_region_green_valley_t198:closed emp=1 vac=0 wage=1.06 cap=0.40960000000000013 util=0 out=0 rev=0 costs=1.06 profit=-1.06 cash=-222.29 ; company_grain_farm_region_green_valley_t67:A emp=0 vac=0 wage=0.16 cap=0.1342177280000001 util=0 out=0 rev=0 costs=0 profit=0 cash=1213.71 ; company_green_valley_farm:closed emp=3 vac=0 wage=15.52 cap=10 util=0.06 out=8 rev=7.04 costs=46.56 profit=-39.52 cash=-267.9
317,26,8,0,1.998,1.04,0,0,162.158,1,2,0,company_grain_farm_region_green_valley_t177:A emp=0 vac=0 wage=0.16 cap=0.011529215046068483 util=0 out=0 rev=0 costs=0 profit=0 cash=-92.81 ; company_grain_farm_region_green_valley_t198:closed emp=1 vac=0 wage=1.06 cap=0.40960000000000013 util=0 out=0 rev=0 costs=1.06 profit=-1.06 cash=-222.29 ; company_grain_farm_region_green_valley_t67:A emp=0 vac=0 wage=0.16 cap=0.1342177280000001 util=0 out=0 rev=0 costs=0 profit=0 cash=1213.71 ; company_green_valley_farm:closed emp=3 vac=0 wage=15.52 cap=10 util=0.06 out=8 rev=7.04 costs=46.56 profit=-39.52 cash=-267.9
318,26,8,0,1.998,1.04,0,0,162.158,1,2,0,company_grain_farm_region_green_valley_t177:A emp=0 vac=0 wage=0.16 cap=0.011529215046068483 util=0 out=0 rev=0 costs=0 profit=0 cash=-92.81 ; company_grain_farm_region_green_valley_t198:closed emp=1 vac=0 wage=1.06 cap=0.40960000000000013 util=0 out=0 rev=0 costs=1.06 profit=-1.06 cash=-222.29 ; company_grain_farm_region_green_valley_t67:A emp=0 vac=0 wage=0.16 cap=0.1342177280000001 util=0 out=0 rev=0 costs=0 profit=0 cash=1213.71 ; company_green_valley_farm:closed emp=3 vac=0 wage=15.52 cap=10 util=0.06 out=8 rev=7.04 costs=46.56 profit=-39.52 cash=-267.9
319,26,8,0,1.998,1.04,0,0,162.158,1,2,0,company_grain_farm_region_green_valley_t177:A emp=0 vac=0 wage=0.16 cap=0.011529215046068483 util=0 out=0 rev=0 costs=0 profit=0 cash=-92.81 ; company_grain_farm_region_green_valley_t198:closed emp=1 vac=0 wage=1.06 cap=0.40960000000000013 util=0 out=0 rev=0 costs=1.06 profit=-1.06 cash=-222.29 ; company_grain_farm_region_green_valley_t67:A emp=0 vac=0 wage=0.16 cap=0.1342177280000001 util=0 out=0 rev=0 costs=0 profit=0 cash=1213.71 ; company_green_valley_farm:closed emp=3 vac=0 wage=15.52 cap=10 util=0.06 out=8 rev=7.04 costs=46.56 profit=-39.52 cash=-267.9
320,26,8,0,1.998,1.04,0,0,162.158,1,2,0,company_grain_farm_region_green_valley_t177:A emp=0 vac=0 wage=0.16 cap=0.011529215046068483 util=0 out=0 rev=0 costs=0 profit=0 cash=-92.81 ; company_grain_farm_region_green_valley_t198:closed emp=1 vac=0 wage=1.06 cap=0.40960000000000013 util=0 out=0 rev=0 costs=1.06 profit=-1.06 cash=-222.29 ; company_grain_farm_region_green_valley_t67:A emp=0 vac=0 wage=0.16 cap=0.1342177280000001 util=0 out=0 rev=0 costs=0 profit=0 cash=1213.71 ; company_green_valley_farm:closed emp=3 vac=0 wage=15.52 cap=10 util=0.06 out=8 rev=7.04 costs=46.56 profit=-39.52 cash=-267.9
321,26,8,0,1.998,1.04,0,0,162.158,1,2,0,company_grain_farm_region_green_valley_t177:A emp=0 vac=0 wage=0.16 cap=0.011529215046068483 util=0 out=0 rev=0 costs=0 profit=0 cash=-92.81 ; company_grain_farm_region_green_valley_t198:closed emp=1 vac=0 wage=1.06 cap=0.40960000000000013 util=0 out=0 rev=0 costs=1.06 profit=-1.06 cash=-222.29 ; company_grain_farm_region_green_valley_t67:A emp=0 vac=0 wage=0.16 cap=0.10737418240000007 util=0 out=0 rev=0 costs=0 profit=0 cash=1213.71 ; company_green_valley_farm:closed emp=3 vac=0 wage=15.52 cap=10 util=0.06 out=8 rev=7.04 costs=46.56 profit=-39.52 cash=-267.9
322,26,8,0,1.998,1.04,0,0,162.158,1,2,0,company_grain_farm_region_green_valley_t177:A emp=0 vac=0 wage=0.16 cap=0.009223372036854787 util=0 out=0 rev=0 costs=0 profit=0 cash=-92.81 ; company_grain_farm_region_green_valley_t198:closed emp=1 vac=0 wage=1.06 cap=0.40960000000000013 util=0 out=0 rev=0 costs=1.06 profit=-1.06 cash=-222.29 ; company_grain_farm_region_green_valley_t67:A emp=0 vac=0 wage=0.16 cap=0.10737418240000007 util=0 out=0 rev=0 costs=0 profit=0 cash=1213.71 ; company_green_valley_farm:closed emp=3 vac=0 wage=15.52 cap=10 util=0.06 out=8 rev=7.04 costs=46.56 profit=-39.52 cash=-267.9
323,26,8,0,1.613,1.04,0,0,162.158,1,2,0,company_grain_farm_region_green_valley_t177:A emp=0 vac=0 wage=0.16 cap=0.009223372036854787 util=0 out=0 rev=0 costs=0 profit=0 cash=-92.81 ; company_grain_farm_region_green_valley_t198:closed emp=1 vac=0 wage=1.06 cap=0.40960000000000013 util=0 out=0 rev=0 costs=1.06 profit=-1.06 cash=-222.29 ; company_grain_farm_region_green_valley_t67:A emp=0 vac=0 wage=0.16 cap=0.10737418240000007 util=0 out=0 rev=0 costs=0 profit=0 cash=1213.71 ; company_green_valley_farm:closed emp=3 vac=0 wage=15.52 cap=10 util=0.06 out=8 rev=7.04 costs=46.56 profit=-39.52 cash=-267.9
324,26,9,0,1.613,1.04,0,0,162.158,1,2,0,company_grain_farm_region_green_valley_t177:A emp=0 vac=0 wage=0.16 cap=0.009223372036854787 util=0 out=0 rev=0 costs=0 profit=0 cash=-92.81 ; company_grain_farm_region_green_valley_t198:closed emp=1 vac=0 wage=1.06 cap=0.40960000000000013 util=0 out=0 rev=0 costs=1.06 profit=-1.06 cash=-222.29 ; company_grain_farm_region_green_valley_t67:A emp=0 vac=0 wage=0.16 cap=0.10737418240000007 util=0 out=0 rev=0 costs=0 profit=0 cash=1213.71 ; company_green_valley_farm:closed emp=3 vac=0 wage=15.52 cap=10 util=0.06 out=8 rev=7.04 costs=46.56 profit=-39.52 cash=-267.9
325,26,9,0,1.613,1.04,0,0,162.158,1,2,0,company_grain_farm_region_green_valley_t177:A emp=0 vac=0 wage=0.16 cap=0.009223372036854787 util=0 out=0 rev=0 costs=0 profit=0 cash=-92.81 ; company_grain_farm_region_green_valley_t198:closed emp=1 vac=0 wage=1.06 cap=0.40960000000000013 util=0 out=0 rev=0 costs=1.06 profit=-1.06 cash=-222.29 ; company_grain_farm_region_green_valley_t67:A emp=0 vac=0 wage=0.16 cap=0.10737418240000007 util=0 out=0 rev=0 costs=0 profit=0 cash=1213.71 ; company_green_valley_farm:closed emp=3 vac=0 wage=15.52 cap=10 util=0.06 out=8 rev=7.04 costs=46.56 profit=-39.52 cash=-267.9
326,26,9,0,1.613,1.04,0,0,162.158,1,2,0,company_grain_farm_region_green_valley_t177:A emp=0 vac=0 wage=0.16 cap=0.009223372036854787 util=0 out=0 rev=0 costs=0 profit=0 cash=-92.81 ; company_grain_farm_region_green_valley_t198:closed emp=1 vac=0 wage=1.06 cap=0.40960000000000013 util=0 out=0 rev=0 costs=1.06 profit=-1.06 cash=-222.29 ; company_grain_farm_region_green_valley_t67:A emp=0 vac=0 wage=0.16 cap=0.10737418240000007 util=0 out=0 rev=0 costs=0 profit=0 cash=1213.71 ; company_green_valley_farm:closed emp=3 vac=0 wage=15.52 cap=10 util=0.06 out=8 rev=7.04 costs=46.56 profit=-39.52 cash=-267.9
327,26,9,0,1.613,1.04,0,0,162.158,1,2,0,company_grain_farm_region_green_valley_t177:A emp=0 vac=0 wage=0.16 cap=0.009223372036854787 util=0 out=0 rev=0 costs=0 profit=0 cash=-92.81 ; company_grain_farm_region_green_valley_t198:closed emp=1 vac=0 wage=1.06 cap=0.40960000000000013 util=0 out=0 rev=0 costs=1.06 profit=-1.06 cash=-222.29 ; company_grain_farm_region_green_valley_t67:A emp=0 vac=0 wage=0.16 cap=0.08589934592000006 util=0 out=0 rev=0 costs=0 profit=0 cash=1213.71 ; company_green_valley_farm:closed emp=3 vac=0 wage=15.52 cap=10 util=0.06 out=8 rev=7.04 costs=46.56 profit=-39.52 cash=-267.9
328,26,9,0,1.613,1.04,0,0,162.158,1,2,0,company_grain_farm_region_green_valley_t177:A emp=0 vac=0 wage=0.16 cap=0.00737869762948383 util=0 out=0 rev=0 costs=0 profit=0 cash=-92.81 ; company_grain_farm_region_green_valley_t198:closed emp=1 vac=0 wage=1.06 cap=0.40960000000000013 util=0 out=0 rev=0 costs=1.06 profit=-1.06 cash=-222.29 ; company_grain_farm_region_green_valley_t67:A emp=0 vac=0 wage=0.16 cap=0.08589934592000006 util=0 out=0 rev=0 costs=0 profit=0 cash=1213.71 ; company_green_valley_farm:closed emp=3 vac=0 wage=15.52 cap=10 util=0.06 out=8 rev=7.04 costs=46.56 profit=-39.52 cash=-267.9
329,26,9,0,1.613,1.04,0,0,162.158,1,2,0,company_grain_farm_region_green_valley_t177:A emp=0 vac=0 wage=0.16 cap=0.00737869762948383 util=0 out=0 rev=0 costs=0 profit=0 cash=-92.81 ; company_grain_farm_region_green_valley_t198:closed emp=1 vac=0 wage=1.06 cap=0.40960000000000013 util=0 out=0 rev=0 costs=1.06 profit=-1.06 cash=-222.29 ; company_grain_farm_region_green_valley_t67:A emp=0 vac=0 wage=0.16 cap=0.08589934592000006 util=0 out=0 rev=0 costs=0 profit=0 cash=1213.71 ; company_green_valley_farm:closed emp=3 vac=0 wage=15.52 cap=10 util=0.06 out=8 rev=7.04 costs=46.56 profit=-39.52 cash=-267.9
330,26,9,0,1.613,1.04,0,0,162.158,1,2,0,company_grain_farm_region_green_valley_t177:A emp=0 vac=0 wage=0.16 cap=0.00737869762948383 util=0 out=0 rev=0 costs=0 profit=0 cash=-92.81 ; company_grain_farm_region_green_valley_t198:closed emp=1 vac=0 wage=1.06 cap=0.40960000000000013 util=0 out=0 rev=0 costs=1.06 profit=-1.06 cash=-222.29 ; company_grain_farm_region_green_valley_t67:A emp=0 vac=0 wage=0.16 cap=0.08589934592000006 util=0 out=0 rev=0 costs=0 profit=0 cash=1213.71 ; company_green_valley_farm:closed emp=3 vac=0 wage=15.52 cap=10 util=0.06 out=8 rev=7.04 costs=46.56 profit=-39.52 cash=-267.9
331,26,9,0,1.613,1.04,0,0,162.158,1,2,0,company_grain_farm_region_green_valley_t177:A emp=0 vac=0 wage=0.16 cap=0.00737869762948383 util=0 out=0 rev=0 costs=0 profit=0 cash=-92.81 ; company_grain_farm_region_green_valley_t198:closed emp=1 vac=0 wage=1.06 cap=0.40960000000000013 util=0 out=0 rev=0 costs=1.06 profit=-1.06 cash=-222.29 ; company_grain_farm_region_green_valley_t67:A emp=0 vac=0 wage=0.16 cap=0.08589934592000006 util=0 out=0 rev=0 costs=0 profit=0 cash=1213.71 ; company_green_valley_farm:closed emp=3 vac=0 wage=15.52 cap=10 util=0.06 out=8 rev=7.04 costs=46.56 profit=-39.52 cash=-267.9
332,26,9,0,1.613,1.04,0,0,162.158,1,2,0,company_grain_farm_region_green_valley_t177:A emp=0 vac=0 wage=0.16 cap=0.00737869762948383 util=0 out=0 rev=0 costs=0 profit=0 cash=-92.81 ; company_grain_farm_region_green_valley_t198:closed emp=1 vac=0 wage=1.06 cap=0.40960000000000013 util=0 out=0 rev=0 costs=1.06 profit=-1.06 cash=-222.29 ; company_grain_farm_region_green_valley_t67:A emp=0 vac=0 wage=0.16 cap=0.08589934592000006 util=0 out=0 rev=0 costs=0 profit=0 cash=1213.71 ; company_green_valley_farm:closed emp=3 vac=0 wage=15.52 cap=10 util=0.06 out=8 rev=7.04 costs=46.56 profit=-39.52 cash=-267.9
333,26,9,0,1.613,1.04,0,0,162.158,1,2,0,company_grain_farm_region_green_valley_t177:A emp=0 vac=0 wage=0.16 cap=0.00737869762948383 util=0 out=0 rev=0 costs=0 profit=0 cash=-92.81 ; company_grain_farm_region_green_valley_t198:closed emp=1 vac=0 wage=1.06 cap=0.40960000000000013 util=0 out=0 rev=0 costs=1.06 profit=-1.06 cash=-222.29 ; company_grain_farm_region_green_valley_t67:A emp=0 vac=0 wage=0.16 cap=0.06871947673600005 util=0 out=0 rev=0 costs=0 profit=0 cash=1213.71 ; company_green_valley_farm:closed emp=3 vac=0 wage=15.52 cap=10 util=0.06 out=8 rev=7.04 costs=46.56 profit=-39.52 cash=-267.9
334,26,9,0,1.613,1.04,0,0,162.158,1,2,0,company_grain_farm_region_green_valley_t177:A emp=0 vac=0 wage=0.16 cap=0.005902958103587064 util=0 out=0 rev=0 costs=0 profit=0 cash=-92.81 ; company_grain_farm_region_green_valley_t198:closed emp=1 vac=0 wage=1.06 cap=0.40960000000000013 util=0 out=0 rev=0 costs=1.06 profit=-1.06 cash=-222.29 ; company_grain_farm_region_green_valley_t67:A emp=0 vac=0 wage=0.16 cap=0.06871947673600005 util=0 out=0 rev=0 costs=0 profit=0 cash=1213.71 ; company_green_valley_farm:closed emp=3 vac=0 wage=15.52 cap=10 util=0.06 out=8 rev=7.04 costs=46.56 profit=-39.52 cash=-267.9
335,26,9,0,1.998,1.04,0,0,162.158,1,2,0,company_grain_farm_region_green_valley_t177:A emp=0 vac=0 wage=0.16 cap=0.005902958103587064 util=0 out=0 rev=0 costs=0 profit=0 cash=-92.81 ; company_grain_farm_region_green_valley_t198:closed emp=1 vac=0 wage=1.06 cap=0.40960000000000013 util=0 out=0 rev=0 costs=1.06 profit=-1.06 cash=-222.29 ; company_grain_farm_region_green_valley_t67:A emp=0 vac=0 wage=0.16 cap=0.06871947673600005 util=0 out=0 rev=0 costs=0 profit=0 cash=1213.71 ; company_green_valley_farm:closed emp=3 vac=0 wage=15.52 cap=10 util=0.06 out=8 rev=7.04 costs=46.56 profit=-39.52 cash=-267.9
336,26,9,0,1.998,1.04,0,0,162.158,1,2,0,company_grain_farm_region_green_valley_t177:A emp=0 vac=0 wage=0.16 cap=0.005902958103587064 util=0 out=0 rev=0 costs=0 profit=0 cash=-92.81 ; company_grain_farm_region_green_valley_t198:closed emp=1 vac=0 wage=1.06 cap=0.40960000000000013 util=0 out=0 rev=0 costs=1.06 profit=-1.06 cash=-222.29 ; company_grain_farm_region_green_valley_t67:A emp=0 vac=0 wage=0.16 cap=0.06871947673600005 util=0 out=0 rev=0 costs=0 profit=0 cash=1213.71 ; company_green_valley_farm:closed emp=3 vac=0 wage=15.52 cap=10 util=0.06 out=8 rev=7.04 costs=46.56 profit=-39.52 cash=-267.9
337,26,9,0,1.998,1.04,0,0,162.158,1,2,0,company_grain_farm_region_green_valley_t177:A emp=0 vac=0 wage=0.16 cap=0.005902958103587064 util=0 out=0 rev=0 costs=0 profit=0 cash=-92.81 ; company_grain_farm_region_green_valley_t198:closed emp=1 vac=0 wage=1.06 cap=0.40960000000000013 util=0 out=0 rev=0 costs=1.06 profit=-1.06 cash=-222.29 ; company_grain_farm_region_green_valley_t67:A emp=0 vac=0 wage=0.16 cap=0.06871947673600005 util=0 out=0 rev=0 costs=0 profit=0 cash=1213.71 ; company_green_valley_farm:closed emp=3 vac=0 wage=15.52 cap=10 util=0.06 out=8 rev=7.04 costs=46.56 profit=-39.52 cash=-267.9
338,26,9,0,1.998,1.04,0,0,162.158,1,2,0,company_grain_farm_region_green_valley_t177:A emp=0 vac=0 wage=0.16 cap=0.005902958103587064 util=0 out=0 rev=0 costs=0 profit=0 cash=-92.81 ; company_grain_farm_region_green_valley_t198:closed emp=1 vac=0 wage=1.06 cap=0.40960000000000013 util=0 out=0 rev=0 costs=1.06 profit=-1.06 cash=-222.29 ; company_grain_farm_region_green_valley_t67:A emp=0 vac=0 wage=0.16 cap=0.06871947673600005 util=0 out=0 rev=0 costs=0 profit=0 cash=1213.71 ; company_green_valley_farm:closed emp=3 vac=0 wage=15.52 cap=10 util=0.06 out=8 rev=7.04 costs=46.56 profit=-39.52 cash=-267.9
339,26,9,0,1.998,1.04,0,0,162.158,1,2,0,company_grain_farm_region_green_valley_t177:A emp=0 vac=0 wage=0.16 cap=0.005902958103587064 util=0 out=0 rev=0 costs=0 profit=0 cash=-92.81 ; company_grain_farm_region_green_valley_t198:closed emp=1 vac=0 wage=1.06 cap=0.40960000000000013 util=0 out=0 rev=0 costs=1.06 profit=-1.06 cash=-222.29 ; company_grain_farm_region_green_valley_t67:A emp=0 vac=0 wage=0.16 cap=0.05497558138880004 util=0 out=0 rev=0 costs=0 profit=0 cash=1213.71 ; company_green_valley_farm:closed emp=3 vac=0 wage=15.52 cap=10 util=0.06 out=8 rev=7.04 costs=46.56 profit=-39.52 cash=-267.9
340,26,9,0,1.998,1.04,0,0,162.158,1,2,0,company_grain_farm_region_green_valley_t177:A emp=0 vac=0 wage=0.16 cap=0.004722366482869652 util=0 out=0 rev=0 costs=0 profit=0 cash=-92.81 ; company_grain_farm_region_green_valley_t198:closed emp=1 vac=0 wage=1.06 cap=0.40960000000000013 util=0 out=0 rev=0 costs=1.06 profit=-1.06 cash=-222.29 ; company_grain_farm_region_green_valley_t67:A emp=0 vac=0 wage=0.16 cap=0.05497558138880004 util=0 out=0 rev=0 costs=0 profit=0 cash=1213.71 ; company_green_valley_farm:closed emp=3 vac=0 wage=15.52 cap=10 util=0.06 out=8 rev=7.04 costs=46.56 profit=-39.52 cash=-267.9
341,26,9,0,1.998,1.04,0,0,162.158,1,2,0,company_grain_farm_region_green_valley_t177:A emp=0 vac=0 wage=0.16 cap=0.004722366482869652 util=0 out=0 rev=0 costs=0 profit=0 cash=-92.81 ; company_grain_farm_region_green_valley_t198:closed emp=1 vac=0 wage=1.06 cap=0.40960000000000013 util=0 out=0 rev=0 costs=1.06 profit=-1.06 cash=-222.29 ; company_grain_farm_region_green_valley_t67:A emp=0 vac=0 wage=0.16 cap=0.05497558138880004 util=0 out=0 rev=0 costs=0 profit=0 cash=1213.71 ; company_green_valley_farm:closed emp=3 vac=0 wage=15.52 cap=10 util=0.06 out=8 rev=7.04 costs=46.56 profit=-39.52 cash=-267.9
342,25,9,0,2.078,1.04,0,0,162.158,1,2,0,company_grain_farm_region_green_valley_t177:A emp=0 vac=0 wage=0.16 cap=0.004722366482869652 util=0 out=0 rev=0 costs=0 profit=0 cash=-92.81 ; company_grain_farm_region_green_valley_t198:closed emp=1 vac=0 wage=1.06 cap=0.40960000000000013 util=0 out=0 rev=0 costs=1.06 profit=-1.06 cash=-222.29 ; company_grain_farm_region_green_valley_t67:A emp=0 vac=0 wage=0.16 cap=0.05497558138880004 util=0 out=0 rev=0 costs=0 profit=0 cash=1213.71 ; company_green_valley_farm:closed emp=3 vac=0 wage=15.52 cap=10 util=0.06 out=8 rev=7.04 costs=46.56 profit=-39.52 cash=-267.9
343,25,9,0,2.078,1.04,0,0,162.158,1,2,0,company_grain_farm_region_green_valley_t177:A emp=0 vac=0 wage=0.16 cap=0.004722366482869652 util=0 out=0 rev=0 costs=0 profit=0 cash=-92.81 ; company_grain_farm_region_green_valley_t198:closed emp=1 vac=0 wage=1.06 cap=0.40960000000000013 util=0 out=0 rev=0 costs=1.06 profit=-1.06 cash=-222.29 ; company_grain_farm_region_green_valley_t67:A emp=0 vac=0 wage=0.16 cap=0.05497558138880004 util=0 out=0 rev=0 costs=0 profit=0 cash=1213.71 ; company_green_valley_farm:closed emp=3 vac=0 wage=15.52 cap=10 util=0.06 out=8 rev=7.04 costs=46.56 profit=-39.52 cash=-267.9
344,25,9,0,2.078,1.04,0,0,162.158,1,2,0,company_grain_farm_region_green_valley_t177:A emp=0 vac=0 wage=0.16 cap=0.004722366482869652 util=0 out=0 rev=0 costs=0 profit=0 cash=-92.81 ; company_grain_farm_region_green_valley_t198:closed emp=1 vac=0 wage=1.06 cap=0.40960000000000013 util=0 out=0 rev=0 costs=1.06 profit=-1.06 cash=-222.29 ; company_grain_farm_region_green_valley_t67:A emp=0 vac=0 wage=0.16 cap=0.05497558138880004 util=0 out=0 rev=0 costs=0 profit=0 cash=1213.71 ; company_green_valley_farm:closed emp=3 vac=0 wage=15.52 cap=10 util=0.06 out=8 rev=7.04 costs=46.56 profit=-39.52 cash=-267.9
345,25,9,0,2.078,1.04,0,0,162.158,1,2,0,company_grain_farm_region_green_valley_t177:A emp=0 vac=0 wage=0.16 cap=0.004722366482869652 util=0 out=0 rev=0 costs=0 profit=0 cash=-92.81 ; company_grain_farm_region_green_valley_t198:closed emp=1 vac=0 wage=1.06 cap=0.40960000000000013 util=0 out=0 rev=0 costs=1.06 profit=-1.06 cash=-222.29 ; company_grain_farm_region_green_valley_t67:A emp=0 vac=0 wage=0.16 cap=0.043980465111040035 util=0 out=0 rev=0 costs=0 profit=0 cash=1213.71 ; company_green_valley_farm:closed emp=3 vac=0 wage=15.52 cap=10 util=0.06 out=8 rev=7.04 costs=46.56 profit=-39.52 cash=-267.9
346,25,9,0,2.078,1.04,0,0,162.158,1,2,0,company_grain_farm_region_green_valley_t177:A emp=0 vac=0 wage=0.16 cap=0.0037778931862957215 util=0 out=0 rev=0 costs=0 profit=0 cash=-92.81 ; company_grain_farm_region_green_valley_t198:closed emp=1 vac=0 wage=1.06 cap=0.40960000000000013 util=0 out=0 rev=0 costs=1.06 profit=-1.06 cash=-222.29 ; company_grain_farm_region_green_valley_t67:A emp=0 vac=0 wage=0.16 cap=0.043980465111040035 util=0 out=0 rev=0 costs=0 profit=0 cash=1213.71 ; company_green_valley_farm:closed emp=3 vac=0 wage=15.52 cap=10 util=0.06 out=8 rev=7.04 costs=46.56 profit=-39.52 cash=-267.9
347,25,9,0,2.078,1.04,0,0,162.158,1,2,0,company_grain_farm_region_green_valley_t177:A emp=0 vac=0 wage=0.16 cap=0.0037778931862957215 util=0 out=0 rev=0 costs=0 profit=0 cash=-92.81 ; company_grain_farm_region_green_valley_t198:closed emp=1 vac=0 wage=1.06 cap=0.40960000000000013 util=0 out=0 rev=0 costs=1.06 profit=-1.06 cash=-222.29 ; company_grain_farm_region_green_valley_t67:A emp=0 vac=0 wage=0.16 cap=0.043980465111040035 util=0 out=0 rev=0 costs=0 profit=0 cash=1213.71 ; company_green_valley_farm:closed emp=3 vac=0 wage=15.52 cap=10 util=0.06 out=8 rev=7.04 costs=46.56 profit=-39.52 cash=-267.9
348,24,9,0,2.165,1.04,0,0,162.158,1,2,0,company_grain_farm_region_green_valley_t177:A emp=0 vac=0 wage=0.16 cap=0.0037778931862957215 util=0 out=0 rev=0 costs=0 profit=0 cash=-92.81 ; company_grain_farm_region_green_valley_t198:closed emp=1 vac=0 wage=1.06 cap=0.40960000000000013 util=0 out=0 rev=0 costs=1.06 profit=-1.06 cash=-222.29 ; company_grain_farm_region_green_valley_t67:A emp=0 vac=0 wage=0.16 cap=0.043980465111040035 util=0 out=0 rev=0 costs=0 profit=0 cash=1213.71 ; company_green_valley_farm:closed emp=3 vac=0 wage=15.52 cap=10 util=0.06 out=8 rev=7.04 costs=46.56 profit=-39.52 cash=-267.9
349,24,9,0,2.165,1.04,0,0,162.158,1,2,0,company_grain_farm_region_green_valley_t177:A emp=0 vac=0 wage=0.16 cap=0.0037778931862957215 util=0 out=0 rev=0 costs=0 profit=0 cash=-92.81 ; company_grain_farm_region_green_valley_t198:closed emp=1 vac=0 wage=1.06 cap=0.40960000000000013 util=0 out=0 rev=0 costs=1.06 profit=-1.06 cash=-222.29 ; company_grain_farm_region_green_valley_t67:A emp=0 vac=0 wage=0.16 cap=0.043980465111040035 util=0 out=0 rev=0 costs=0 profit=0 cash=1213.71 ; company_green_valley_farm:closed emp=3 vac=0 wage=15.52 cap=10 util=0.06 out=8 rev=7.04 costs=46.56 profit=-39.52 cash=-267.9
350,24,9,0,2.165,1.04,0,0,162.158,1,2,0,company_grain_farm_region_green_valley_t177:A emp=0 vac=0 wage=0.16 cap=0.0037778931862957215 util=0 out=0 rev=0 costs=0 profit=0 cash=-92.81 ; company_grain_farm_region_green_valley_t198:closed emp=1 vac=0 wage=1.06 cap=0.40960000000000013 util=0 out=0 rev=0 costs=1.06 profit=-1.06 cash=-222.29 ; company_grain_farm_region_green_valley_t67:A emp=0 vac=0 wage=0.16 cap=0.043980465111040035 util=0 out=0 rev=0 costs=0 profit=0 cash=1213.71 ; company_green_valley_farm:closed emp=3 vac=0 wage=15.52 cap=10 util=0.06 out=8 rev=7.04 costs=46.56 profit=-39.52 cash=-267.9
351,24,9,0,2.165,1.04,0,0,162.158,1,2,0,company_grain_farm_region_green_valley_t177:A emp=0 vac=0 wage=0.16 cap=0.0037778931862957215 util=0 out=0 rev=0 costs=0 profit=0 cash=-92.81 ; company_grain_farm_region_green_valley_t198:closed emp=1 vac=0 wage=1.06 cap=0.40960000000000013 util=0 out=0 rev=0 costs=1.06 profit=-1.06 cash=-222.29 ; company_grain_farm_region_green_valley_t67:A emp=0 vac=0 wage=0.16 cap=0.03518437208883203 util=0 out=0 rev=0 costs=0 profit=0 cash=1213.71 ; company_green_valley_farm:closed emp=3 vac=0 wage=15.52 cap=10 util=0.06 out=8 rev=7.04 costs=46.56 profit=-39.52 cash=-267.9
352,24,9,0,2.165,1.04,0,0,162.158,1,2,0,company_grain_farm_region_green_valley_t177:A emp=0 vac=0 wage=0.16 cap=0.0030223145490365774 util=0 out=0 rev=0 costs=0 profit=0 cash=-92.81 ; company_grain_farm_region_green_valley_t198:closed emp=1 vac=0 wage=1.06 cap=0.40960000000000013 util=0 out=0 rev=0 costs=1.06 profit=-1.06 cash=-222.29 ; company_grain_farm_region_green_valley_t67:A emp=0 vac=0 wage=0.16 cap=0.03518437208883203 util=0 out=0 rev=0 costs=0 profit=0 cash=1213.71 ; company_green_valley_farm:closed emp=3 vac=0 wage=15.52 cap=10 util=0.06 out=8 rev=7.04 costs=46.56 profit=-39.52 cash=-267.9
353,24,9,0,2.165,1.04,0,0,162.158,1,2,0,company_grain_farm_region_green_valley_t177:A emp=0 vac=0 wage=0.16 cap=0.0030223145490365774 util=0 out=0 rev=0 costs=0 profit=0 cash=-92.81 ; company_grain_farm_region_green_valley_t198:closed emp=1 vac=0 wage=1.06 cap=0.40960000000000013 util=0 out=0 rev=0 costs=1.06 profit=-1.06 cash=-222.29 ; company_grain_farm_region_green_valley_t67:A emp=0 vac=0 wage=0.16 cap=0.03518437208883203 util=0 out=0 rev=0 costs=0 profit=0 cash=1213.71 ; company_green_valley_farm:closed emp=3 vac=0 wage=15.52 cap=10 util=0.06 out=8 rev=7.04 costs=46.56 profit=-39.52 cash=-267.9
354,24,9,0,2.165,1.04,0,0,162.158,1,2,0,company_grain_farm_region_green_valley_t177:A emp=0 vac=0 wage=0.16 cap=0.0030223145490365774 util=0 out=0 rev=0 costs=0 profit=0 cash=-92.81 ; company_grain_farm_region_green_valley_t198:closed emp=1 vac=0 wage=1.06 cap=0.40960000000000013 util=0 out=0 rev=0 costs=1.06 profit=-1.06 cash=-222.29 ; company_grain_farm_region_green_valley_t67:A emp=0 vac=0 wage=0.16 cap=0.03518437208883203 util=0 out=0 rev=0 costs=0 profit=0 cash=1213.71 ; company_green_valley_farm:closed emp=3 vac=0 wage=15.52 cap=10 util=0.06 out=8 rev=7.04 costs=46.56 profit=-39.52 cash=-267.9
355,24,9,0,1.748,1.04,0,0,162.158,1,2,0,company_grain_farm_region_green_valley_t177:A emp=0 vac=0 wage=0.16 cap=0.0030223145490365774 util=0 out=0 rev=0 costs=0 profit=0 cash=-92.81 ; company_grain_farm_region_green_valley_t198:closed emp=1 vac=0 wage=1.06 cap=0.40960000000000013 util=0 out=0 rev=0 costs=1.06 profit=-1.06 cash=-222.29 ; company_grain_farm_region_green_valley_t67:A emp=0 vac=0 wage=0.16 cap=0.03518437208883203 util=0 out=0 rev=0 costs=0 profit=0 cash=1213.71 ; company_green_valley_farm:closed emp=3 vac=0 wage=15.52 cap=10 util=0.06 out=8 rev=7.04 costs=46.56 profit=-39.52 cash=-267.9
356,24,9,0,1.748,1.04,0,0,162.158,1,2,0,company_grain_farm_region_green_valley_t177:A emp=0 vac=0 wage=0.16 cap=0.0030223145490365774 util=0 out=0 rev=0 costs=0 profit=0 cash=-92.81 ; company_grain_farm_region_green_valley_t198:closed emp=1 vac=0 wage=1.06 cap=0.40960000000000013 util=0 out=0 rev=0 costs=1.06 profit=-1.06 cash=-222.29 ; company_grain_farm_region_green_valley_t67:A emp=0 vac=0 wage=0.16 cap=0.03518437208883203 util=0 out=0 rev=0 costs=0 profit=0 cash=1213.71 ; company_green_valley_farm:closed emp=3 vac=0 wage=15.52 cap=10 util=0.06 out=8 rev=7.04 costs=46.56 profit=-39.52 cash=-267.9
357,24,9,0,1.748,1.04,0,0,162.158,1,2,0,company_grain_farm_region_green_valley_t177:A emp=0 vac=0 wage=0.16 cap=0.0030223145490365774 util=0 out=0 rev=0 costs=0 profit=0 cash=-92.81 ; company_grain_farm_region_green_valley_t198:closed emp=1 vac=0 wage=1.06 cap=0.40960000000000013 util=0 out=0 rev=0 costs=1.06 profit=-1.06 cash=-222.29 ; company_grain_farm_region_green_valley_t67:A emp=0 vac=0 wage=0.16 cap=0.028147497671065627 util=0 out=0 rev=0 costs=0 profit=0 cash=1213.71 ; company_green_valley_farm:closed emp=3 vac=0 wage=15.52 cap=10 util=0.06 out=8 rev=7.04 costs=46.56 profit=-39.52 cash=-267.9
358,24,9,0,1.748,1.04,0,0,162.158,1,2,0,company_grain_farm_region_green_valley_t177:A emp=0 vac=0 wage=0.16 cap=0.002417851639229262 util=0 out=0 rev=0 costs=0 profit=0 cash=-92.81 ; company_grain_farm_region_green_valley_t198:closed emp=1 vac=0 wage=1.06 cap=0.40960000000000013 util=0 out=0 rev=0 costs=1.06 profit=-1.06 cash=-222.29 ; company_grain_farm_region_green_valley_t67:A emp=0 vac=0 wage=0.16 cap=0.028147497671065627 util=0 out=0 rev=0 costs=0 profit=0 cash=1213.71 ; company_green_valley_farm:closed emp=3 vac=0 wage=15.52 cap=10 util=0.06 out=8 rev=7.04 costs=46.56 profit=-39.52 cash=-267.9
359,24,9,0,1.748,1.04,0,0,162.158,1,2,0,company_grain_farm_region_green_valley_t177:A emp=0 vac=0 wage=0.16 cap=0.002417851639229262 util=0 out=0 rev=0 costs=0 profit=0 cash=-92.81 ; company_grain_farm_region_green_valley_t198:closed emp=1 vac=0 wage=1.06 cap=0.40960000000000013 util=0 out=0 rev=0 costs=1.06 profit=-1.06 cash=-222.29 ; company_grain_farm_region_green_valley_t67:A emp=0 vac=0 wage=0.16 cap=0.028147497671065627 util=0 out=0 rev=0 costs=0 profit=0 cash=1213.71 ; company_green_valley_farm:closed emp=3 vac=0 wage=15.52 cap=10 util=0.06 out=8 rev=7.04 costs=46.56 profit=-39.52 cash=-267.9
360,24,9,0,1.748,1.04,0,0,162.158,1,2,0,company_grain_farm_region_green_valley_t177:A emp=0 vac=0 wage=0.16 cap=0.002417851639229262 util=0 out=0 rev=0 costs=0 profit=0 cash=-92.81 ; company_grain_farm_region_green_valley_t198:closed emp=1 vac=0 wage=1.06 cap=0.40960000000000013 util=0 out=0 rev=0 costs=1.06 profit=-1.06 cash=-222.29 ; company_grain_farm_region_green_valley_t67:A emp=0 vac=0 wage=0.16 cap=0.028147497671065627 util=0 out=0 rev=0 costs=0 profit=0 cash=1213.71 ; company_green_valley_farm:closed emp=3 vac=0 wage=15.52 cap=10 util=0.06 out=8 rev=7.04 costs=46.56 profit=-39.52 cash=-267.9
